Total,Family,Method1,M1-Attributes,Method2,Method3,sat,TLSystem,System,Features,AM,arch,#params,#adapt_params,AM Loss,Adapt Loss,Unsup,Adapt mode,Adapt minutes,AdaptBin,Train,Test,TrainTest,Base WER,Adapt WER,WERR,RefWERR,BibentryId,use_in_agg,adapt_to,ce2seq,Temp
Total,NNEmb,SpkCodes,,,,no,Hybrid,Hybrid,,FF,DNN,,100,CE,CE,yes,2pass,0.5,1,TIMIT,test,TIMITtest,22.83,21.53,5.69,,abdel2013fast,yes,utterance,no,
Total,NNEmb,SpkCodes,,,,no,Hybrid,Hybrid,,FF,DNN,,100,CE,CE,yes,2pass,10,10,TIMIT,test,TIMITtest,22.83,20.54,10.03,,abdel2013fast,yes,speaker,no,
Total,NNEmb,SpkCodes,,,,no,Hybrid,Hybrid,,FF,CNN,,100,CE,CE,yes,2pass,10,10,TIMIT,test,TIMITtest,20.1,19.77,1.64,,abdel2013fast,yes,speaker,no,
Total,GMMEmb,ivectors,,,,yes,Hybrid,Hybrid,,FF,DNN,,100,CE,CE,no,enrol,5292,6000,Intel Accented Mandarin Speech Recognition Corpus,test,Intel Accented Mandarin Speech Recognition Corpustest,12.4,10.9,12.1,,chen2015improving,yes,accent,no,
Total,Finetune,FOL,top-layer,,,no,Hybrid,Hybrid,,FF,DNN,,1000000,CE,CE,no,enrol,5292,6000,Intel Accented Mandarin Speech Recognition Corpus,test,Intel Accented Mandarin Speech Recognition Corpustest,12.4,11.9,4.03,,chen2015improving,yes,accent,no,
Total,Finetune,FOL,top-layer,ivectors,,yes,Hybrid,Hybrid,,FF,DNN,,1000000,CE,CE,no,enrol,5292,6000,Intel Accented Mandarin Speech Recognition Corpus,test,Intel Accented Mandarin Speech Recognition Corpustest,12.4,10.9,12.1,,chen2015improving,yes,accent,no,
Total,GMMEmb,ivectors,,,,yes,Hybrid,Hybrid,,FF,DNN,,100,CE,CE,no,enrol,2658,6000,Intel Accented Mandarin Speech Recognition Corpus,test,Intel Accented Mandarin Speech Recognition Corpustest,15.0,14.5,3.33,,chen2015improving,yes,accent,no,
Total,Finetune,FOL,top-layer,,,no,Hybrid,Hybrid,,FF,DNN,,1000000,CE,CE,no,enrol,2658,6000,Intel Accented Mandarin Speech Recognition Corpus,test,Intel Accented Mandarin Speech Recognition Corpustest,15.0,14.7,2.0,,chen2015improving,yes,accent,no,
Total,Finetune,FOL,top-layer,ivectors,,yes,Hybrid,Hybrid,,FF,DNN,,1000000,CE,CE,no,enrol,2658,6000,Intel Accented Mandarin Speech Recognition Corpus,test,Intel Accented Mandarin Speech Recognition Corpustest,15.0,14.4,4.0,,chen2015improving,yes,accent,no,
Total,GMMEmb,ivectors,,,,yes,Hybrid,Hybrid,,FF,DNN,,100,CE,CE,no,enrol,5106,6000,Intel Accented Mandarin Speech Recognition Corpus,test,Intel Accented Mandarin Speech Recognition Corpustest,18.0,16.1,10.56,,chen2015improving,yes,accent,no,
Total,Finetune,FOL,top-layer,,,no,Hybrid,Hybrid,,FF,DNN,,1000000,CE,CE,no,enrol,5106,6000,Intel Accented Mandarin Speech Recognition Corpus,test,Intel Accented Mandarin Speech Recognition Corpustest,18.0,17.1,5.0,,chen2015improving,yes,accent,no,
Total,Finetune,FOL,top-layer,ivectors,,yes,Hybrid,Hybrid,,FF,DNN,,1000000,CE,CE,no,enrol,5106,6000,Intel Accented Mandarin Speech Recognition Corpus,test,Intel Accented Mandarin Speech Recognition Corpustest,18.0,15.7,12.78,,chen2015improving,yes,accent,no,
Total,GMMEmb,ivectors,,,,yes,Hybrid,Hybrid,,FF,DNN,,100,CE,CE,no,enrol,5640,6000,Intel Accented Mandarin Speech Recognition Corpus,test,Intel Accented Mandarin Speech Recognition Corpustest,25.7,23.5,8.56,,chen2015improving,yes,accent,no,
Total,Finetune,FOL,top-layer,,,no,Hybrid,Hybrid,,FF,DNN,,1000000,CE,CE,no,enrol,5640,6000,Intel Accented Mandarin Speech Recognition Corpus,test,Intel Accented Mandarin Speech Recognition Corpustest,25.7,24.0,6.61,,chen2015improving,yes,accent,no,
Total,Finetune,FOL,top-layer,ivectors,,yes,Hybrid,Hybrid,,FF,DNN,,1000000,CE,CE,no,enrol,5640,6000,Intel Accented Mandarin Speech Recognition Corpus,test,Intel Accented Mandarin Speech Recognition Corpustest,25.7,22.7,11.67,,chen2015improving,yes,accent,no,
Total,GMMEmb,ivectors,,,,yes,Hybrid,Hybrid,,FF,DNN,,100,CE,CE,no,enrol,2754,6000,Intel Accented Mandarin Speech Recognition Corpus,test,Intel Accented Mandarin Speech Recognition Corpustest,18.3,16.1,12.02,,chen2015improving,yes,accent,no,
Total,Finetune,FOL,top-layer,,,no,Hybrid,Hybrid,,FF,DNN,,1000000,CE,CE,no,enrol,2754,6000,Intel Accented Mandarin Speech Recognition Corpus,test,Intel Accented Mandarin Speech Recognition Corpustest,18.3,17.2,6.01,,chen2015improving,yes,accent,no,
Total,Finetune,FOL,top-layer,ivectors,,yes,Hybrid,Hybrid,,FF,DNN,,1000000,CE,CE,no,enrol,2754,6000,Intel Accented Mandarin Speech Recognition Corpus,test,Intel Accented Mandarin Speech Recognition Corpustest,18.3,15.7,14.21,,chen2015improving,yes,accent,no,
Total,GMMEmb,ivectors,,,,yes,Hybrid,Hybrid,,FF,DNN,,100,CE,CE,no,enrol,2760,6000,Intel Accented Mandarin Speech Recognition Corpus,test,Intel Accented Mandarin Speech Recognition Corpustest,19.8,18.0,9.09,,chen2015improving,yes,accent,no,
Total,Finetune,FOL,top-layer,,,no,Hybrid,Hybrid,,FF,DNN,,1000000,CE,CE,no,enrol,2760,6000,Intel Accented Mandarin Speech Recognition Corpus,test,Intel Accented Mandarin Speech Recognition Corpustest,19.8,18.4,7.07,,chen2015improving,yes,accent,no,
Total,Finetune,FOL,top-layer,ivectors,,yes,Hybrid,Hybrid,,FF,DNN,,1000000,CE,CE,no,enrol,2760,6000,Intel Accented Mandarin Speech Recognition Corpus,test,Intel Accented Mandarin Speech Recognition Corpustest,19.8,17.1,13.64,,chen2015improving,yes,accent,no,
Total,NNEmb,SNE,,,,yes,E2E,E2E-AED-CTC,,RNN,LSTM,,100,CE,CE,yes,online,10,10,TED-LIUM,dev,TED-LIUMdev,9.9,9.7,2.02,,delcroix2018auxiliary,yes,speaker,no,
Total,NNEmb,SNE,,,,yes,E2E,E2E-AED-CTC,,RNN,LSTM,,100,CE,CE,yes,online,10,10,TED-LIUM,eval,TED-LIUMeval,10.0,9.7,3.0,,delcroix2018auxiliary,yes,speaker,no,
Total,NNEmb,SNE,,,,yes,E2E,E2E-AED-CTC,,RNN,LSTM,,100,CE,CE,yes,online,10,10,CSJ,test1,CSJtest1,9.8,9.4,4.08,,delcroix2018auxiliary,yes,speaker,no,
Total,NNEmb,SNE,,,,yes,E2E,E2E-AED-CTC,,RNN,LSTM,,100,CE,CE,yes,online,10,10,CSJ,test2,CSJtest2,7.1,6.5,8.45,,delcroix2018auxiliary,yes,speaker,no,
Total,NNEmb,SNE,,,,yes,E2E,E2E-AED-CTC,,RNN,LSTM,,100,CE,CE,yes,online,10,10,CSJ,test3,CSJtest3,7.9,7.2,8.86,,delcroix2018auxiliary,yes,speaker,no,
Total,Finetune,SincNet,,,,no,Hybrid,Hybrid,Waveform,FF,TDNN,,80,CE,CE,no,enrol,840,6000,AMI+PF-STAR,PF-STAR,AMI+PF-STARPF-STAR,59.06,20.34,65.56,,fainberg2019acoustic,yes,child,no,
Total,Activations,LHUC,,,,no,Hybrid,Hybrid,Waveform,FF,TDNN,,800,CE,CE,no,enrol,840,6000,AMI+PF-STAR,PF-STAR,AMI+PF-STARPF-STAR,59.06,18.33,68.96,,fainberg2019acoustic,yes,child,no,
Total,Finetune,SincNet,,LHUC,,no,Hybrid,Hybrid,Waveform,FF,TDNN,,880,CE,CE,no,enrol,840,6000,AMI+PF-STAR,PF-STAR,AMI+PF-STARPF-STAR,59.06,16.52,72.03,68.96,fainberg2019acoustic,yes,child,no,
Total,Finetune,Finetune,,,,no,Hybrid,Hybrid,Waveform,FF,TDNN,,9000000,CE,CE,no,enrol,840,6000,AMI+PF-STAR,PF-STAR,AMI+PF-STARPF-STAR,59.06,14.92,74.74,,fainberg2019acoustic,yes,child,no,
Total,GMMEmb,ivectors,,,,yes,Hybrid,Hybrid,,FF,DNN,,100,CE,,yes,,2,10,AMZN-speaker,test,AMZN-speakertest,,,,,garimella2015robust,,,no,
Total,GMMEmb,ivectors,HMM-GMM posteriors,,,yes,Hybrid,Hybrid,,FF,DNN,,100,CE,,no,,2,10,AMZN-speaker,test,AMZN-speakertest,,,,,garimella2015robust,,,no,
Total,Finetune,Finetune,Teacher-Student,,,no,E2E,E2E-CTC,,RNN,BLSTM,,5000000,CE,T/S,no,enrol,1200,6000,UTCRSS-4EnglishAccent,test,UTCRSS-4EnglishAccenttest,14.2,12.4,12.68,,ghorbani2018advancing,yes,accent,no,
Total,Finetune,Finetune,Teacher-Student,,,no,E2E,E2E-CTC,,RNN,BLSTM,,5000000,CE,T/S,no,enrol,1200,6000,UTCRSS-4EnglishAccent,test,UTCRSS-4EnglishAccenttest,14.2,11.7,17.61,,ghorbani2018advancing,yes,accent,no,
Total,Finetune,FHL,2-top layers,,,no,E2E,E2E-CTC,,RNN,BLSTM,,2000000,CE,CE,no,enrol,1200,6000,UTCRSS-4EnglishAccent,test,UTCRSS-4EnglishAccenttest,18.4,17.3,5.98,,ghorbani2018leveraging,yes,accent,no,
Total,Finetune,FHL,2-top layers,,,no,E2E,E2E-CTC,,RNN,BLSTM,,2000000,CE,CE,no,enrol,1200,6000,UTCRSS-4EnglishAccent,test,UTCRSS-4EnglishAccenttest,31.9,30.4,4.7,,ghorbani2018leveraging,yes,accent,no,
Total,Finetune,Finetune,MTL,,,no,E2E,E2E-CTC,,RNN,BLSTM,,5000000,CE,MTL,no,enrol,1200,6000,UTCRSS-4EnglishAccent,test,UTCRSS-4EnglishAccenttest,18.4,16.2,11.96,,ghorbani2018leveraging,yes,accent,no,
Total,Finetune,Finetune,MTL,,,no,E2E,E2E-CTC,,RNN,BLSTM,,5000000,CE,MTL,no,enrol,1200,6000,UTCRSS-4EnglishAccent,test,UTCRSS-4EnglishAccenttest,31.9,26.3,17.55,,ghorbani2018leveraging,yes,accent,no,
Total,GMMEmb,ivectors,,,,yes,Hybrid,Hybrid,,FF,DNN,,100,CE,-,yes,online,0.5,1,ETAPE,dev,ETAPEdev,22.16,20.9,5.69,,gupta2014vector,yes,speaker,no,
Total,GMMEmb,ivectors,,,,yes,Hybrid,Hybrid,,FF,DNN,,100,Seq,-,yes,online,0.5,1,ETAPE,dev,ETAPEdev,19.83,18.3,7.72,,gupta2014vector,yes,speaker,no,
Total,Finetune,Finetune,,,,no,Hybrid,Hybrid,,FF,DNN,,5000000,CE,KL,no,enrol,50,60,MSFT-SMD,test,MSFT-SMDtest,34.4,28.2,18.02,,huang2014multi,yes,accent,no,
Total,Finetune,Finetune,,,,no,Hybrid,Hybrid,,FF,DNN,,5000000,CE,KL,no,enrol,500,600,MSFT-SMD,test,MSFT-SMDtest,34.4,25.5,25.87,,huang2014multi,yes,accent,no,
Total,Finetune,Finetune,,,,no,Hybrid,Hybrid,,FF,DNN,,5000000,CE,KL,no,enrol,5000,6000,MSFT-SMD,test,MSFT-SMDtest,34.4,24.6,28.49,,huang2014multi,yes,accent,no,
Total,Finetune,Finetune,,,,no,Hybrid,Hybrid,,FF,DNN,,5000000,CE,KL,no,enrol,50,60,MSFT-SMD,test,MSFT-SMDtest,48.4,40.6,16.12,,huang2014multi,yes,accent,no,
Total,Finetune,Finetune,,,,no,Hybrid,Hybrid,,FF,DNN,,5000000,CE,KL,no,enrol,500,600,MSFT-SMD,test,MSFT-SMDtest,48.4,36.1,25.41,,huang2014multi,yes,accent,no,
Total,Finetune,Finetune,,,,no,Hybrid,Hybrid,,FF,DNN,,5000000,CE,KL,no,enrol,5000,6000,MSFT-SMD,test,MSFT-SMDtest,48.4,33.6,30.58,,huang2014multi,yes,accent,no,
Total,Finetune,Finetune,,,,no,Hybrid,Hybrid,,FF,DNN,,5000000,Seq,KL,yes,enrol,0.6,1,MSFT-SMD,test,MSFT-SMDtest,11.8,11.3,4.24,,huang2015regularized,yes,speaker,yes,
Total,Finetune,Finetune,,,,no,Hybrid,Hybrid,,FF,DNN,,5000000,Seq,Seq-KL,yes,enrol,0.6,1,MSFT-SMD,test,MSFT-SMDtest,11.8,11.2,5.08,,huang2015regularized,yes,speaker,yes,
Total,Finetune,Finetune,,,,no,Hybrid,Hybrid,,FF,DNN,,5000000,CE,KL,yes,enrol,0.6,1,MSFT-SMD,test,MSFT-SMDtest,13.5,11.9,11.85,,huang2015regularized,yes,speaker,yes,
Total,Finetune,Finetune,,,,no,Hybrid,Hybrid,,FF,DNN,,5000000,CE,KL,yes,enrol,25,30,MSFT-SMD,test,MSFT-SMDtest,27.95,24.39,12.74,,huang2015regularized,yes,accent,yes,
Total,Finetune,Finetune,,,,no,Hybrid,Hybrid,,FF,DNN,,5000000,CE,Seq-KL,yes,enrol,0.6,1,MSFT-SMD,test,MSFT-SMDtest,13.5,11.65,13.7,,huang2015regularized,yes,speaker,yes,
Total,Finetune,Finetune,,,,no,Hybrid,Hybrid,,FF,DNN,,5000000,CE,Seq-KL,yes,enrol,25,30,MSFT-SMD,test,MSFT-SMDtest,27.95,23.59,15.6,,huang2015regularized,yes,accent,yes,
Total,Finetune,Finetune,,,,no,Hybrid,Hybrid,,FF,DNN,,5000000,Seq,KL,yes,enrol,25,30,MSFT-SMD,test,MSFT-SMDtest,23.64,19.93,15.69,,huang2015regularized,yes,accent,yes,
Total,Finetune,Finetune,,,,no,Hybrid,Hybrid,,FF,DNN,,5000000,Seq,KL,yes,enrol,2.5,10,MSFT-SMD,test,MSFT-SMDtest,11.8,9.8,16.95,,huang2015regularized,yes,speaker,yes,
Total,Finetune,Finetune,,,,no,Hybrid,Hybrid,,FF,DNN,,5000000,Seq,Seq-KL,yes,enrol,2.5,10,MSFT-SMD,test,MSFT-SMDtest,11.8,9.5,19.49,,huang2015regularized,yes,speaker,yes,
Total,Finetune,Finetune,,,,no,Hybrid,Hybrid,,FF,DNN,,5000000,Seq,Seq-KL,yes,enrol,25,30,MSFT-SMD,test,MSFT-SMDtest,23.64,19.03,19.5,,huang2015regularized,yes,accent,yes,
Total,Finetune,Finetune,,,,no,Hybrid,Hybrid,,FF,DNN,,5000000,CE,KL,yes,enrol,2.5,10,MSFT-SMD,test,MSFT-SMDtest,13.5,10.8,20.0,,huang2015regularized,yes,speaker,yes,
Total,Finetune,Finetune,,,,no,Hybrid,Hybrid,,FF,DNN,,5000000,CE,Seq-KL,yes,enrol,2.5,10,MSFT-SMD,test,MSFT-SMDtest,13.5,10.4,22.96,,huang2015regularized,yes,speaker,yes,
Total,Activations,LHUC,,,,no,Hybrid,Hybrid,,RNN,BLSTM,,12288,Seq,KL,no,enrol,10,10,MSFT-Meetings,test,MSFT-Meetingstest,,,4.0,,huang2020acoustic,yes,speaker,no,
Total,Activations,LHUC,,,,no,Hybrid,Hybrid,,RNN,BLSTM,,12288,Seq,KL,yes,enrol,10,10,MSFT-Meetings,test,MSFT-Meetingstest,,,7.95,,huang2020acoustic,yes,speaker,no,
Total,Linear Transform,FLA,,,,no,Hybrid,Hybrid,,RNN,BLSTM,,100000,Seq,KL,no,enrol,10,10,MSFT-Meetings,test,MSFT-Meetingstest,,,4.0,,huang2020acoustic,yes,speaker,no,
Total,Linear Transform,FLA,,,,no,Hybrid,Hybrid,,RNN,BLSTM,,100000,Seq,KL,yes,enrol,10,10,MSFT-Meetings,test,MSFT-Meetingstest,,,8.0,,huang2020acoustic,yes,speaker,no,
Total,Linear Transform,LPT,,,,no,Hybrid,Hybrid,,RNN,BLSTM,,500000,Seq,KL,no,enrol,10,10,MSFT-Meetings,test,MSFT-Meetingstest,,,4.1,,huang2020acoustic,yes,speaker,no,
Total,Linear Transform,LPT,,,,no,Hybrid,Hybrid,,RNN,BLSTM,,500000,Seq,KL,yes,enrol,10,10,MSFT-Meetings,test,MSFT-Meetingstest,,,8.1,,huang2020acoustic,yes,speaker,no,
Total,Finetune,Finetune,,fMLLR,,yes,Hybrid,Hybrid,,RNN,BLSTM,,5000000,CE,CE,yes,enrol,15,30,Chime4,eval,Chime4eval,5.4,5.3,1.85,,kitza2018comparison,yes,speaker,no,
Total,Finetune,Finetune,,,,no,Hybrid,Hybrid,,RNN,BLSTM,,5000000,CE,CE,yes,2pass,10,10,SWBD,eval2000,SWBDeval2000,15.8,15.4,2.53,,kitza2018comparison,yes,speaker,no,
Total,Finetune,Finetune,,fMLLR,,yes,Hybrid,Hybrid,,RNN,BLSTM,,5000000,CE,CE,yes,enrol,15,30,Chime4,dev,Chime4dev,4.4,4.2,4.55,,kitza2018comparison,yes,speaker,no,
Total,Linear Transform,LHN,,,,no,Hybrid,Hybrid,,RNN,BLSTM,,1000000,CE,CE,yes,2pass,10,10,SWBD,eval2000,SWBDeval2000,15.8,14.9,5.7,,kitza2018comparison,yes,speaker,no,
Total,Linear Transform,LHN,,fMLLR,,yes,Hybrid,Hybrid,,RNN,BLSTM,,1000000,CE,CE,yes,enrol,15,30,Chime4,eval,Chime4eval,5.4,4.8,11.11,,kitza2018comparison,yes,speaker,no,
Total,Linear Transform,LHN,,fMLLR,,yes,Hybrid,Hybrid,,RNN,BLSTM,,1000000,CE,CE,yes,enrol,15,30,Chime4,dev,Chime4dev,4.4,3.9,11.36,,kitza2018comparison,yes,speaker,no,
Total,Linear Transform,LIN,,,,no,Hybrid,Hybrid,,RNN,BLSTM,,1000000,CE,CE,yes,2pass,10,10,SWBD,eval2000,SWBDeval2000,15.8,15.5,1.9,,kitza2018comparison,yes,speaker,no,
Total,Linear Transform,LIN,,fMLLR,,yes,Hybrid,Hybrid,,RNN,BLSTM,,1000000,CE,CE,yes,enrol,15,30,Chime4,eval,Chime4eval,5.4,5.2,3.7,,kitza2018comparison,yes,speaker,no,
Total,Linear Transform,LIN,,fMLLR,,yes,Hybrid,Hybrid,,RNN,BLSTM,,1000000,CE,CE,yes,enrol,15,30,Chime4,dev,Chime4dev,4.4,4.2,4.55,,kitza2018comparison,yes,speaker,no,
Total,Linear Transform,LON,,fMLLR,,yes,Hybrid,Hybrid,,RNN,BLSTM,,1000000,CE,CE,yes,enrol,15,30,Chime4,dev,Chime4dev,4.4,4.6,-4.55,,kitza2018comparison,yes,speaker,no,
Total,Linear Transform,LON,,fMLLR,,yes,Hybrid,Hybrid,,RNN,BLSTM,,1000000,CE,CE,yes,enrol,15,30,Chime4,eval,Chime4eval,5.4,5.6,-3.7,,kitza2018comparison,yes,speaker,no,
Total,Linear Transform,LON,,,,no,Hybrid,Hybrid,,RNN,BLSTM,,1000000,CE,CE,yes,2pass,10,10,SWBD,eval2000,SWBDeval2000,15.8,15.5,1.9,,kitza2018comparison,yes,speaker,no,
Total,Activations,LHUC,,,,no,Hybrid,Hybrid,,FF,DNN,,12288,CE,CE,yes,enrol,0.1666666667,1,TED-LIUM,tst2010,TED-LIUMtst2010,20.7,20.5,0.97,,klejch2018learning,yes,speaker,no,
Total,Activations,LHUC,,,,no,Hybrid,Hybrid,,FF,DNN,,12288,CE,CE,no,enrol,0.1666666667,1,TED-LIUM,tst2010,TED-LIUMtst2010,20.7,20.1,2.9,,klejch2018learning,yes,speaker,no,
Total,Activations,LHUC,,,,no,Hybrid,Hybrid,,FF,TDNN,,12288,CE,CE,yes,enrol,0.1666666667,1,TED-LIUM,tst2010,TED-LIUMtst2010,15.2,14.6,3.95,,klejch2018learning,yes,speaker,no,
Total,Activations,LHUC,,,,no,Hybrid,Hybrid,,FF,TDNN,,12288,CE,CE,no,enrol,0.1666666667,1,TED-LIUM,tst2010,TED-LIUMtst2010,15.2,14.3,5.92,,klejch2018learning,yes,speaker,no,
Total,Finetune,Finetune,meta,,,no,Hybrid,Hybrid,,FF,TDNN,,500000,CE,Meta,yes,enrol,0.1666666667,1,TED-LIUM,tst2010,TED-LIUMtst2010,15.2,14.7,3.29,,klejch2018learning,yes,speaker,no,
Total,Finetune,Finetune,meta,,,no,Hybrid,Hybrid,,FF,DNN,,500000,CE,Meta,no,enrol,0.1666666667,1,TED-LIUM,tst2010,TED-LIUMtst2010,20.7,19.8,4.35,,klejch2018learning,yes,speaker,no,
Total,Finetune,Finetune,meta,,,no,Hybrid,Hybrid,,FF,DNN,,500000,CE,Meta,yes,enrol,0.1666666667,1,TED-LIUM,tst2010,TED-LIUMtst2010,20.7,19.7,4.83,,klejch2018learning,yes,speaker,no,
Total,Finetune,Finetune,meta,,,no,Hybrid,Hybrid,,FF,TDNN,,500000,CE,Meta,no,enrol,0.1666666667,1,TED-LIUM,tst2010,TED-LIUMtst2010,15.2,14.4,5.26,,klejch2018learning,yes,speaker,no,
Total,Activations,LHUC,meta,,,yes,Hybrid,Hybrid,,FF,TDNN,,12288,CE,Meta,yes,enrol,0.1666666667,1,TED-LIUM,tst2010,TED-LIUMtst2010,13.4,13.0,2.99,,klejch2019speaker,yes,speaker,no,
Total,Activations,LHUC,meta,,,yes,Hybrid,Hybrid,,FF,TDNN,,12288,CE,Meta,yes,enrol,2,10,TED-LIUM,tst2010,TED-LIUMtst2010,13.4,12.9,3.73,,klejch2019speaker,yes,speaker,no,
Total,Activations,LHUC,meta,,,yes,Hybrid,Hybrid,,FF,TDNN,,12288,CE,Meta,yes,enrol,0.5,1,TED-LIUM,tst2010,TED-LIUMtst2010,13.4,12.8,4.48,,klejch2019speaker,yes,speaker,no,
Total,Activations,LHUC,meta,,,yes,Hybrid,Hybrid,,FF,TDNN,,12288,CE,Meta,no,enrol,0.1666666667,1,TED-LIUM,tst2010,TED-LIUMtst2010,13.4,12.7,5.22,,klejch2019speaker,yes,speaker,no,
Total,Activations,LHUC,meta,,,yes,Hybrid,Hybrid,,FF,TDNN,,12288,CE,Meta,no,enrol,0.5,1,TED-LIUM,tst2010,TED-LIUMtst2010,13.4,12.2,8.96,,klejch2019speaker,yes,speaker,no,
Total,Activations,LHUC,meta,,,yes,Hybrid,Hybrid,,FF,TDNN,,12288,CE,Meta,no,enrol,1,1,TED-LIUM,tst2010,TED-LIUMtst2010,13.4,11.9,11.19,,klejch2019speaker,yes,speaker,no,
Total,Finetune,Finetune,meta,,,yes,Hybrid,Hybrid,,FF,TDNN,,500000,CE,Meta,yes,enrol,0.1666666667,1,TED-LIUM,tst2010,TED-LIUMtst2010,13.4,13.0,2.99,,klejch2019speaker,yes,speaker,no,
Total,Finetune,Finetune,meta,,,yes,Hybrid,Hybrid,,FF,TDNN,,500000,CE,Meta,yes,enrol,0.5,1,TED-LIUM,tst2010,TED-LIUMtst2010,13.4,12.9,3.73,,klejch2019speaker,yes,speaker,no,
Total,Finetune,Finetune,meta,,,yes,Hybrid,Hybrid,,FF,TDNN,,500000,CE,Meta,yes,enrol,3,10,TED-LIUM,tst2010,TED-LIUMtst2010,13.4,12.8,4.48,,klejch2019speaker,yes,speaker,no,
Total,Finetune,Finetune,meta,,,yes,Hybrid,Hybrid,,FF,TDNN,,500000,CE,Meta,no,enrol,0.1666666667,1,TED-LIUM,tst2010,TED-LIUMtst2010,13.4,12.5,6.72,,klejch2019speaker,yes,speaker,no,
Total,Finetune,Finetune,meta,,,yes,Hybrid,Hybrid,,FF,TDNN,,500000,CE,Meta,no,enrol,0.5,1,TED-LIUM,tst2010,TED-LIUMtst2010,13.4,11.9,11.19,,klejch2019speaker,yes,speaker,no,
Total,Finetune,Finetune,meta,,,yes,Hybrid,Hybrid,,FF,TDNN,,500000,CE,Meta,no,enrol,2,10,TED-LIUM,tst2010,TED-LIUMtst2010,13.4,11.5,14.18,,klejch2019speaker,yes,speaker,no,
Total,GMMEmb,ivectors,,,,no,Hybrid,Hybrid,,FF,DNN,,100,CE,-,yes,online,0.5,1,HKUST,dev,HKUSTdev,37.64,36.49,3.06,,li2015modeling,yes,speaker,no,
Total,GMMEmb,ivectors,,,,no,Hybrid,Hybrid,,RNN,LSTM,,100,CE,-,yes,online,0.5,1,HKUST,dev,HKUSTdev,33.89,31.76,6.29,,li2015modeling,yes,speaker,no,
Total,NNEmb,dvectors,,,,no,Hybrid,Hybrid,,FF,DNN,,100,CE,-,yes,online,0.5,1,HKUST,dev,HKUSTdev,37.64,37.25,1.04,,li2015modeling,yes,speaker,no,
Total,NNEmb,dvectors,,,,no,Hybrid,Hybrid,,RNN,LSTM,,100,CE,-,yes,online,0.5,1,HKUST,dev,HKUSTdev,33.89,32.66,3.63,,li2015modeling,yes,speaker,no,
Total,NNEmb,dvectors,joint,,,no,Hybrid,Hybrid,,RNN,LSTM,,100,CE,CE,yes,online,0.5,1,HKUST,dev,HKUSTdev,33.89,31.88,5.93,,li2015modeling,yes,speaker,no,
Total,Finetune,Finetune,,,,no,Hybrid,Hybrid,,RNN,LSTM,,500000,Seq,CE,no,enrol,204000,-1,MSFT-Speaker,test,MSFT-Speakertest,23.8,14.3,39.9,,Li2018Developing,yes,accent,no,
Total,Finetune,Finetune,,,,no,Hybrid,Hybrid,,RNN,LSTM,,500000,Seq,T/S,yes,enrol,204000,-1,MSFT-Speaker,test,MSFT-Speakertest,23.8,14.2,40.4,,Li2018Developing,yes,domain,no,
Total,Finetune,Finetune,,,,no,Hybrid,Hybrid,,RNN,LSTM,,500000,Seq,T/S,yes,enrol,1500000,-1,MSFT-Speaker,test,MSFT-Speakertest,23.8,12.3,45.5,,Li2018Developing,yes,domain,no,
Total,Finetune,Finetune,,,,no,E2E,E2E-CTC,,RNN,LSTM,,500000,CE,KL,yes,enrol,5,10,MSFT-SMD2,test,MSFT-SMD2test,17.2,17.0,1.2,,li2018speaker,yes,speaker,no,
Total,Finetune,Finetune,,,,no,E2E,E2E-CTC,,RNN,LSTM,,500000,CE,MTL,yes,enrol,5,10,MSFT-SMD2,test,MSFT-SMD2test,17.2,16.2,5.8,,li2018speaker,yes,speaker,no,
Total,Finetune,Finetune,,,,no,E2E,E2E-CTC,,RNN,LSTM,,500000,CE,KL,no,enrol,5,10,MSFT-SMD2,test,MSFT-SMD2test,17.2,15.9,7.6,,li2018speaker,yes,speaker,no,
Total,Finetune,Finetune,,,,no,E2E,E2E-CTC,,RNN,LSTM,,500000,CE,MTL,no,enrol,5,10,MSFT-SMD2,test,MSFT-SMD2test,17.2,15.4,10.5,,li2018speaker,yes,speaker,no,
Total,Finetune,Finetune,,,,no,Hybrid,Hybrid,,FF,DNN,60,60000000,CE,CE,yes,enrol,10,10,Google-Search,test,Google-Searchtest,10.8,10.3,4.63,,liao2013speaker,yes,speaker,no,
Total,Finetune,Finetune,,,,no,Hybrid,Hybrid,,FF,DNN,1.6,1600000,CE,CE,yes,enrol,10,10,Google-Search,test,Google-Searchtest,17.1,14.5,15.2,,liao2013speaker,yes,speaker,no,
Total,Finetune,FIL,,,,no,Hybrid,Hybrid,,FF,DNN,60,1000000,CE,CE,yes,enrol,10,10,Google-Search,test,Google-Searchtest,10.8,10.9,-0.93,,liao2013speaker,yes,speaker,no,
Total,Finetune,FIL,,,,no,Hybrid,Hybrid,,FF,DNN,1.6,500000,CE,CE,yes,enrol,10,10,Google-Search,test,Google-Searchtest,17.1,15.3,10.53,,liao2013speaker,yes,speaker,no,
Total,Finetune,FOL,,,,no,Hybrid,Hybrid,,FF,DNN,60,1000000,CE,CE,yes,enrol,10,10,Google-Search,test,Google-Searchtest,10.8,10.9,-0.93,,liao2013speaker,yes,speaker,no,
Total,Finetune,FOL,,,,no,Hybrid,Hybrid,,FF,DNN,1.6,500000,CE,CE,yes,enrol,10,10,Google-Search,test,Google-Searchtest,17.1,16.0,6.43,,liao2013speaker,yes,speaker,no,
Total,Finetune,Finetune,,,,no,Hybrid,Hybrid,,RNN,LSTM,20.2,500000,CE,KL,yes,enrol,5,10,MSFT-Cortana,spkr50-test,MSFT-Cortanaspkr50-test,20.34,18.6,8.55,,liu2016investigations,yes,speaker,no,
Total,Linear Transform,LHN,,,,no,Hybrid,Hybrid,,FF,DNN,35.2,1000000,CE,KL,yes,enrol,5,10,MSFT-Cortana,spkr50-test,MSFT-Cortanaspkr50-test,22.85,20.2,11.6,,liu2016investigations,yes,speaker,no,
Total,Linear Transform,LHN,,,,no,Hybrid,Hybrid,,FF,DNN,35.2,1000000,CE,KL,no,enrol,5,10,MSFT-Cortana,spkr50-test,MSFT-Cortanaspkr50-test,22.85,18.4,19.47,,liu2016investigations,yes,speaker,no,
Total,Linear Transform,LON,,,,no,Hybrid,Hybrid,,RNN,LSTM,20.2,1000000,CE,KL,yes,enrol,5,10,MSFT-Cortana,spkr50-test,MSFT-Cortanaspkr50-test,20.34,18.8,7.57,,liu2016investigations,yes,speaker,no,
Total,Linear Transform,LPT,,,,no,Hybrid,Hybrid,,RNN,LSTM,20.2,500000,CE,KL,yes,enrol,5,10,MSFT-Cortana,spkr50-test,MSFT-Cortanaspkr50-test,20.34,18.4,9.54,,liu2016investigations,yes,speaker,no,
Total,Linear Transform,LPT,,,,no,Hybrid,Hybrid,,RNN,LSTM,20.2,500000,CE,KL,no,enrol,5,10,MSFT-Cortana,spkr50-test,MSFT-Cortanaspkr50-test,20.34,17.3,14.95,,liu2016investigations,yes,speaker,no,
Total,GMMEmb,ivectors,,,,yes,Hybrid,Hybrid,,FF,DNN,,100,CE,-,yes,online,0.5,1,Nuance-CloseTalk,Nuance-IoT,Nuance-CloseTalkNuance-IoT,33.93,32.94,2.92,,mana2019online,yes,speaker,no,
Total,GMMEmb,ivectors,,,,yes,Hybrid,Hybrid,,FF,ResNet,,100,CE,-,yes,online,0.5,1,Nuance-CloseTalk,Nuance-IoT,Nuance-CloseTalkNuance-IoT,32.38,29.52,8.83,,mana2019online,yes,speaker,no,
Total,NNEmb,OBN,,,,yes,Hybrid,Hybrid,,FF,DNN,,10000,CE,-,yes,online,0.5,1,Nuance-CloseTalk,Nuance-IoT,Nuance-CloseTalkNuance-IoT,33.93,31.94,5.87,,mana2019online,yes,speaker,no,
Total,NNEmb,OBN,,,,yes,Hybrid,Hybrid,,FF,DNN,,10000,CE,-,yes,online,0.5,1,Nuance-CloseTalk,Nuance-IoT,Nuance-CloseTalkNuance-IoT,33.93,31.45,7.31,,mana2019online,yes,domain,no,
Total,NNEmb,OBN,,,,yes,Hybrid,Hybrid,,FF,ResNet,,10000,CE,-,yes,online,0.5,1,Nuance-CloseTalk,Nuance-IoT,Nuance-CloseTalkNuance-IoT,32.38,28.7,11.37,,mana2019online,yes,speaker,no,
Total,NNEmb,OBN,,,,yes,Hybrid,Hybrid,,FF,ResNet,,10000,CE,-,yes,online,0.5,1,Nuance-CloseTalk,Nuance-IoT,Nuance-CloseTalkNuance-IoT,32.38,28.47,12.08,,mana2019online,yes,domain,no,
Total,NNTransformEmb,OBN,ivectors,,,yes,Hybrid,Hybrid,,FF,DNN,,10000,CE,-,yes,online,0.5,1,Nuance-CloseTalk,Nuance-IoT,Nuance-CloseTalkNuance-IoT,33.93,31.9,5.98,,mana2019online,yes,speaker,no,
Total,NNTransformEmb,OBN,ivectors,,,yes,Hybrid,Hybrid,,FF,DNN,,10000,CE,-,yes,online,0.5,1,Nuance-CloseTalk,Nuance-IoT,Nuance-CloseTalkNuance-IoT,33.93,31.2,8.05,,mana2019online,yes,domain,no,
Total,Finetune,Finetune,,,,no,E2E,E2E-AED,,RNN,LSTM,,500000,CE,CE,no,enrol,204000,-1,MSFT-Speaker,test,MSFT-Speakertest,17.4,13.9,20.1,,meng2019domain,yes,domain,no,
Total,Finetune,Finetune,,,,no,E2E,E2E-AED,,RNN,LSTM,,500000,CE,T/S,yes,enrol,204000,-1,MSFT-Speaker,test,MSFT-Speakertest,17.4,13.1,24.7,,meng2019domain,yes,domain,no,
Total,Finetune,Finetune,,,,no,E2E,E2E-AED,,RNN,LSTM,,500000,CE,T/S,no,enrol,204000,-1,MSFT-Speaker,test,MSFT-Speakertest,17.4,12.5,28.2,,meng2019domain,yes,domain,no,
Total,Finetune,Finetune,,,,no,E2E,E2E-AED,,RNN,LSTM,,500000,CE,KL,yes,enrol,16.66666667,30,MSFT-Cortana,test,MSFT-Cortanatest,14.3,14.0,2.1,,meng2019speaker,yes,speaker,no,
Total,Finetune,Finetune,,,,no,E2E,E2E-AED,,RNN,LSTM,,500000,CE,MTL,yes,enrol,16.66666667,30,MSFT-Cortana,test,MSFT-Cortanatest,14.3,13.8,3.5,,meng2019speaker,yes,speaker,no,
Total,Finetune,Finetune,,,,no,E2E,E2E-AED,,RNN,LSTM,,500000,CE,KL,no,enrol,16.66666667,30,MSFT-Cortana,test,MSFT-Cortanatest,14.3,13.1,8.4,,meng2019speaker,yes,speaker,no,
Total,Finetune,Finetune,,,,no,E2E,E2E-AED,,RNN,LSTM,,500000,CE,MTL,no,enrol,16.66666667,30,MSFT-Cortana,test,MSFT-Cortanatest,14.3,12.7,11.2,,meng2019speaker,yes,speaker,no,
Total,Activations,LHUC,,,,no,Hybrid,Hybrid,,FF,DNN,,12288,CE,CE,yes,online,9,10,TED-LIUM,tst2010,TED-LIUMtst2010,20.0,18.3,8.5,,miao2015speaker,yes,speaker,no,
Total,GMMEmb,ivectors,,,,yes,Hybrid,Hybrid,,FF,DNN,,100,CE,-,yes,online,9,10,TED-LIUM,tst2010,TED-LIUMtst2010,20.0,19.5,2.5,,miao2015speaker,yes,speaker,no,
Total,Linear Transform,fMLLR,,,,yes,Hybrid,Hybrid,,FF,DNN,,1600,CE,MLE,yes,online,9,10,TED-LIUM,tst2010,TED-LIUMtst2010,20.0,18.9,5.5,,miao2015speaker,yes,speaker,no,
Total,NNTransformEmb,CNNEmb,,,,yes,Hybrid,Hybrid,,FF,CNN,,100,CE,-,yes,online,9,10,TED-LIUM,tst2010,TED-LIUMtst2010,18.1,16.8,7.18,,miao2015speaker,yes,speaker,no,
Total,NNTransformEmb,DNNEmb,,LHUC,,yes,Hybrid,Hybrid,,FF,DNN,,100,CE,CE,yes,online,9,10,TED-LIUM,tst2010,TED-LIUMtst2010,20.0,16.7,16.5,11.5,miao2015speaker,yes,speaker,no,
Total,NNTransformEmb,DNNEmb,,fMLLR,,yes,Hybrid,Hybrid,,FF,DNN,,100,CE,CE,yes,online,9,10,TED-LIUM,tst2010,TED-LIUMtst2010,20.0,17.4,13.0,5.5,miao2015speaker,yes,speaker,no,
Total,NNTransformEmb,DNNEmb,,,,yes,Hybrid,Hybrid,,FF,DNN,,100,CE,-,yes,online,9,10,TED-LIUM,tst2010,TED-LIUMtst2010,20.0,17.7,11.5,,miao2015speaker,yes,speaker,no,
Total,NNTransformEmb,memory,,,,yes,Hybrid,Hybrid,,FF,CNN,,100,CE,-,yes,2pass,10,10,SWBD,eval2000-SWBD,SWBDeval2000-SWBD,13.8,13.3,3.62,,pan2020memory,yes,speaker,no,
Total,NNTransformEmb,memory,,,,yes,Hybrid,Hybrid,,FF,CNN,,100,CE,-,yes,2pass,10,10,AISHELL2,test,AISHELL2test,7.2,6.9,4.17,,pan2020memory,yes,speaker,no,
Total,NNTransformEmb,memory,,,,yes,Hybrid,Hybrid,,FF,CNN,,100,CE,-,yes,2pass,10,10,SWBD,eval2000-SWBD,SWBDeval2000-SWBD,13.8,13.0,5.8,,pan2020memory,yes,speaker,no,
Total,NNTransformEmb,memory,,,,yes,Hybrid,Hybrid,,FF,CNN,,100,CE,-,yes,2pass,10,10,AISHELL2,test,AISHELL2test,7.2,6.6,8.33,,pan2020memory,yes,speaker,no,
Total,NNTransformEmb,memory,,,,yes,Hybrid,Hybrid,,FF,CNN,,100,Seq,-,yes,2pass,10,10,SWBD,eval2000-SWBD,SWBDeval2000-SWBD,12.9,11.8,8.53,,pan2020memory,yes,speaker,yes,
Total,NNTransformEmb,memory,,,,yes,Hybrid,Hybrid,,RNN,BLSTM,,100,Seq,-,yes,2pass,10,10,SWBD,eval2000-SWBD,SWBDeval2000-SWBD,13.1,11.9,9.16,,pan2020memory,yes,speaker,yes,
Total,NNTransformEmb,memory,,,,yes,Hybrid,Hybrid,,FF,CNN,,100,CE,-,yes,2pass,10,10,SWBD,eval2000-SWBD,SWBDeval2000-SWBD,13.8,12.5,9.42,,pan2020memory,yes,speaker,yes,
Total,NNTransformEmb,memory,,,,yes,Hybrid,Hybrid,,RNN,BLSTM,,100,CE,-,yes,2pass,10,10,SWBD,eval2000-SWBD,SWBDeval2000-SWBD,14.1,12.7,9.93,,pan2020memory,yes,speaker,yes,
Total,GMMEmb,ivectors,fbank,,,yes,Hybrid,Hybrid,,FF,TDNN,,100,CE,-,yes,online,0.5,1,Aurora4,A,Aurora4A,3.64,3.77,-3.57,,rownicka2018analyzing,yes,utterance,no,
Total,GMMEmb,ivectors,mfcc,,,yes,Hybrid,Hybrid,,FF,TDNN,,100,CE,-,yes,online,0.5,1,Aurora4,A,Aurora4A,3.64,3.71,-1.92,,rownicka2018analyzing,yes,utterance,no,
Total,GMMEmb,ivectors,fbank,,,yes,Hybrid,Hybrid,,FF,TDNN,,100,CE,-,yes,online,0.5,1,Aurora4,D,Aurora4D,19.45,18.76,3.55,,rownicka2018analyzing,yes,utterance,no,
Total,GMMEmb,ivectors,mfcc,,,yes,Hybrid,Hybrid,,FF,TDNN,,100,CE,-,yes,online,0.5,1,Aurora4,D,Aurora4D,19.45,17.56,9.72,,rownicka2018analyzing,no,utterance,no,
Total,NNEmb,CNNEmb,,,,yes,Hybrid,Hybrid,,FF,TDNN,,100,CE,-,yes,online,0.5,1,Aurora4,A,Aurora4A,3.64,4.54,-24.73,,rownicka2018analyzing,no,utterance,no,
Total,NNEmb,CNNEmb,,,,yes,Hybrid,Hybrid,,FF,TDNN,,100,CE,-,yes,online,0.5,1,Aurora4,D,Aurora4D,19.45,20.05,-3.08,,rownicka2018analyzing,yes,utterance,no,
Total,NNEmb,DNNEmb,,,,yes,Hybrid,Hybrid,,FF,TDNN,,100,CE,-,yes,online,0.5,1,Aurora4,A,Aurora4A,3.64,4.38,-20.33,,rownicka2018analyzing,no,utterance,no,
Total,NNEmb,DNNEmb,,,,yes,Hybrid,Hybrid,,FF,TDNN,,100,CE,-,yes,online,0.5,1,Aurora4,D,Aurora4D,19.45,20.12,-3.44,,rownicka2018analyzing,no,utterance,no,
Total,NNTransformEmb,CNNEmb,LDA,,,yes,Hybrid,Hybrid,,FF,TDNN,,100,CE,-,yes,online,0.5,1,Aurora4,A,Aurora4A,3.64,3.65,-0.27,,rownicka2018analyzing,yes,utterance,no,
Total,NNTransformEmb,CNNEmb,LDA,,,yes,Hybrid,Hybrid,,FF,TDNN,,100,CE,-,yes,online,0.5,1,Aurora4,D,Aurora4D,19.45,17.99,7.51,,rownicka2018analyzing,yes,utterance,no,
Total,NNTransformEmb,DNNEmb,LDA,,,yes,Hybrid,Hybrid,,FF,TDNN,,100,CE,-,yes,online,0.5,1,Aurora4,A,Aurora4A,3.64,3.58,1.65,,rownicka2018analyzing,yes,utterance,no,
Total,NNTransformEmb,DNNEmb,LDA,,,yes,Hybrid,Hybrid,,FF,TDNN,,100,CE,-,yes,online,0.5,1,Aurora4,D,Aurora4D,19.45,18.79,3.39,,rownicka2018analyzing,yes,utterance,no,
Total,GMMEmb,ivectors,,,,yes,Hybrid,Hybrid,,FF,DNN,,100,CE,-,yes,online,10,10,AMI-IHM,eval,AMI-IHMeval,28.3,25.9,8.48,,rownicka2019embeddings,yes,speaker,no,
Total,GMMEmb,ivectors,,,,yes,Hybrid,Hybrid,,FF,DNN,,100,CE,-,yes,online,0.5,1,AMI-IHM,eval,AMI-IHMeval,28.3,25.8,8.83,,rownicka2019embeddings,yes,utterance,no,
Total,NNEmb,CNNEmb,,,,yes,Hybrid,Hybrid,,FF,DNN,,100,CE,-,yes,online,0.5,1,AMI-IHM,eval,AMI-IHMeval,28.3,26.2,7.42,,rownicka2019embeddings,yes,utterance,no,
Total,NNEmb,xvectors,"pretrained, utterance",,,yes,Hybrid,Hybrid,,FF,DNN,,100,CE,-,yes,online,10,10,AMI-IHM,eval,AMI-IHMeval,28.3,26.3,7.07,,rownicka2019embeddings,yes,speaker,no,
Total,Normalisation,CMN,,,,yes,Hybrid,Hybrid,,FF,DNN,,2,CE,-,yes,online,10,10,AMI-IHM,eval,AMI-IHMeval,28.3,27.0,4.59,,rownicka2019embeddings,no,speaker,no,
Total,Activations,LHUC,,fMLLR,,yes,Hybrid,Hybrid,,FF,DNN,,13888,CE,CE,yes,2pass,10,10,AMI-SDM,eval,AMI-SDMeval,53.2,52.6,1.13,,samarakoon2016factorized,yes,speaker,yes,
Total,Activations,LHUC,,fMLLR,,yes,Hybrid,Hybrid,,FF,DNN,,13888,Seq,CE,yes,2pass,10,10,AMI-SDM,eval,AMI-SDMeval,50.3,49.5,1.59,,samarakoon2016factorized,yes,speaker,yes,
Total,Activations,LHUC,,fMLLR,,yes,Hybrid,Hybrid,,FF,DNN,,13888,Seq,CE,yes,2pass,10,10,AMI-IHM,eval,AMI-IHMeval,24.5,23.8,2.86,,samarakoon2016factorized,yes,speaker,yes,
Total,Activations,LHUC,,fMLLR,,yes,Hybrid,Hybrid,,FF,DNN,,13888,CE,CE,yes,2pass,10,10,AMI-IHM,eval,AMI-IHMeval,26.3,24.9,5.32,,samarakoon2016factorized,yes,speaker,yes,
Total,Activations,LHUC,,,,no,Hybrid,Hybrid,,FF,DNN,,12288,CE,CE,yes,2pass,10,10,Aurora4,test,Aurora4test,11.9,10.0,15.97,,samarakoon2016factorized,yes,speaker,no,
Total,GMMEmb,ivectors,,fMLLR,,yes,Hybrid,Hybrid,,FF,DNN,,1700,CE,CE,yes,2pass,10,10,AMI-SDM,eval,AMI-SDMeval,53.2,52.8,0.75,,samarakoon2016factorized,yes,speaker,yes,
Total,GMMEmb,ivectors,,fMLLR,,yes,Hybrid,Hybrid,,FF,DNN,,1700,Seq,CE,yes,2pass,10,10,AMI-SDM,eval,AMI-SDMeval,50.3,49.8,0.99,,samarakoon2016factorized,yes,speaker,yes,
Total,GMMEmb,ivectors,,fMLLR,,yes,Hybrid,Hybrid,,FF,DNN,,1700,CE,CE,yes,2pass,10,10,AMI-IHM,eval,AMI-IHMeval,26.3,26.0,1.14,,samarakoon2016factorized,yes,speaker,yes,
Total,GMMEmb,ivectors,,fMLLR,,yes,Hybrid,Hybrid,,FF,DNN,,1700,Seq,CE,yes,2pass,10,10,AMI-IHM,eval,AMI-IHMeval,24.5,24.0,2.04,,samarakoon2016factorized,yes,speaker,yes,
Total,GMMEmb,ivectors,,,,yes,Hybrid,Hybrid,,FF,DNN,,100,CE,CE,yes,2pass,10,10,Aurora4,test,Aurora4test,11.9,11.2,5.88,,samarakoon2016factorized,yes,speaker,no,
Total,GMMEmb,ivectors,,LHUC,,yes,Hybrid,Hybrid,,FF,DNN,,1200000,CE,CE,yes,2pass,10,10,Aurora4,test,Aurora4test,11.9,9.8,17.65,5.88,samarakoon2016factorized,yes,speaker,no,
Total,Linear Transform,FLA,,fMLLR,,yes,Hybrid,Hybrid,,FF,DNN,,2600,CE,CE,yes,2pass,10,10,AMI-SDM,eval,AMI-SDMeval,53.2,51.6,3.01,,samarakoon2016factorized,yes,speaker,yes,
Total,Linear Transform,FLA,,fMLLR,,yes,Hybrid,Hybrid,,FF,DNN,,2600,Seq,CE,yes,2pass,10,10,AMI-SDM,eval,AMI-SDMeval,50.3,48.4,3.78,,samarakoon2016factorized,yes,speaker,yes,
Total,Linear Transform,FLA,,fMLLR,,yes,Hybrid,Hybrid,,FF,DNN,,2600,Seq,CE,yes,2pass,10,10,AMI-IHM,eval,AMI-IHMeval,24.5,23.1,5.71,,samarakoon2016factorized,yes,speaker,yes,
Total,Linear Transform,FLA,,fMLLR,,yes,Hybrid,Hybrid,,FF,DNN,,2600,CE,CE,yes,2pass,10,10,AMI-IHM,eval,AMI-IHMeval,26.3,24.4,7.22,,samarakoon2016factorized,yes,speaker,yes,
Total,Linear Transform,FLA,,,,yes,Hybrid,Hybrid,,FF,DNN,,1000,CE,CE,yes,2pass,10,10,Aurora4,test,Aurora4test,11.9,9.0,24.37,,samarakoon2016factorized,yes,speaker,no,
Total,Linear Transform,fMLLR,,,,yes,Hybrid,Hybrid,,FF,DNN,,1600,CE,MLE,yes,2pass,10,10,Aurora4,test,Aurora4test,11.9,9.5,20.17,,samarakoon2016factorized,yes,speaker,no,
Total,GMMEmb,ivectors,,fMLLR,VTLN,yes,Hybrid,Hybrid,,FF,DNN,,1700,Seq,-,yes,online,10,10,SWBD,eval2000-SWBD,SWBDeval2000-SWBD,14.1,11.9,15.6,12.06,saon2013speaker,yes,speaker,yes,
Total,GMMEmb,ivectors,,fMLLR,VTLN,yes,Hybrid,Hybrid,,FF,DNN,,1700,CE,-,yes,online,10,10,SWBD,eval2000-SWBD,SWBDeval2000-SWBD,16.1,13.2,18.01,13.66,saon2013speaker,yes,speaker,yes,
Total,GMMEmb,ivectors,,,,yes,Hybrid,Hybrid,,FF,DNN,,100,Seq,-,yes,online,10,10,SWBD,eval2000-SWBD,SWBDeval2000-SWBD,14.1,12.4,12.06,,saon2013speaker,yes,speaker,yes,
Total,GMMEmb,ivectors,,,,yes,Hybrid,Hybrid,,FF,DNN,,100,CE,-,yes,online,10,10,SWBD,eval2000-SWBD,SWBDeval2000-SWBD,16.1,13.9,13.66,,saon2013speaker,yes,speaker,yes,
Total,Linear Transform,fMLLR,,VTLN,,yes,Hybrid,Hybrid,,FF,DNN,,1600,Seq,MLE,yes,2pass,10,10,SWBD,eval2000-SWBD,SWBDeval2000-SWBD,14.1,12.5,11.35,,saon2013speaker,yes,speaker,yes,
Total,Linear Transform,fMLLR,,VTLN,,yes,Hybrid,Hybrid,,FF,DNN,,1600,CE,MLE,yes,2pass,10,10,SWBD,eval2000-SWBD,SWBDeval2000-SWBD,16.1,14.1,12.42,,saon2013speaker,yes,speaker,yes,
Total,GMMEmb,ivectors,,,,yes,E2E,E2E-AED-CTC,,RNN,LSTM,,100,CE,-,yes,online,0.5,1,WSJ,eval92,WSJeval92,5.8,4.7,18.97,,sari2020unsupervised,yes,utterance,no,
Total,GMMEmb,ivectors,,,,yes,E2E,E2E-AED-CTC,,RNN,LSTM,,100,CE,-,yes,online,0.5,1,WSJ,dev93,WSJdev93,8.9,6.4,28.09,,sari2020unsupervised,no,utterance,no,
Total,GMMEmb,ivectors,,,,yes,E2E,E2E-AED-CTC,,RNN,LSTM,,100,CE,-,yes,online,0.5,1,TED-LIUM2,eval,TED-LIUM2eval,16.7,11.2,32.93,,sari2020unsupervised,yes,utterance,no,
Total,GMMEmb,ivectors,,,,yes,E2E,E2E-AED-CTC,,RNN,LSTM,,100,CE,-,yes,online,0.5,1,TED-LIUM2,dev,TED-LIUM2dev,18.6,11.7,37.1,,sari2020unsupervised,no,utterance,no,
Total,NNTransformEmb,memory,ivectors,,,yes,E2E,E2E-AED-CTC,,RNN,LSTM,,100,CE,-,yes,online,0.5,1,WSJ,dev93,WSJdev93,8.9,6.5,26.97,,sari2020unsupervised,no,utterance,no,
Total,NNTransformEmb,memory,ivectors,,,yes,E2E,E2E-AED-CTC,,RNN,LSTM,,100,CE,-,yes,online,0.5,1,WSJ,eval92,WSJeval92,5.8,4.2,27.59,,sari2020unsupervised,yes,utterance,no,
Total,NNTransformEmb,memory,ivectors,,,yes,E2E,E2E-AED-CTC,,RNN,LSTM,,100,CE,-,yes,online,0.5,1,TED-LIUM2,eval,TED-LIUM2eval,16.7,11.0,34.13,,sari2020unsupervised,yes,utterance,no,
Total,NNTransformEmb,memory,ivectors,,,yes,E2E,E2E-AED-CTC,,RNN,LSTM,,100,CE,-,yes,online,0.5,1,TED-LIUM2,dev,TED-LIUM2dev,18.6,11.8,36.56,,sari2020unsupervised,no,utterance,no,
Total,Linear Transform,fMLLR,,,,yes,Hybrid,Hybrid,,FF,DNN,,1600,CE,MLE,yes,2pass,10,10,SWBD,eval2000-SWBD,SWBDeval2000-SWBD,17.0,16.3,4.12,,seide2011feature,yes,speaker,no,
Total,Linear Transform,LIN,,,,no,Hybrid,Hybrid,,FF,DNN,,1000000,CE,CE,yes,2pass,10,10,SWBD,eval2000-SWBD,SWBDeval2000-SWBD,17.0,16.4,3.53,,seide2011feature,yes,speaker,no,
Total,Linear Transform,LIN,,,,no,Hybrid,Hybrid,,FF,DNN,,1000000,CE,CE,yes,2pass,10,10,SWBD,eval2000-SWBD,SWBDeval2000-SWBD,16.1,15.5,3.73,,seide2011feature,yes,speaker,no,
Total,Finetune,Finetune,Gaussian,,,no,Hybrid,Hybrid,,FF,DNN,,120,CE,CE,no,enrol,10,10,CSJ,test,CSJtest,12.5,11.2,10.4,,seki2018rapid,yes,speaker,no,
Total,GMMEmb,ivectors,,,,yes,Hybrid,Hybrid,,FF,DNN,70,100,CE,CE,yes,online,0.5,1,Google-Pers.,test,Google-Pers.test,11.0,10.9,0.91,,senior2014improving,yes,utterance,no,
Total,GMMEmb,ivectors,,,,yes,Hybrid,Hybrid,,FF,DNN,2.7,100,CE,CE,yes,online,0.5,1,Google-Pers.,test,Google-Pers.test,15.0,14.5,3.33,,senior2014improving,yes,utterance,no,
Total,GMMEmb,ivectors,,,,yes,Hybrid,Hybrid,,FF,DNN,1.5,100,CE,CE,yes,online,0.5,1,Google-Pers.,test,Google-Pers.test,17.8,17.0,4.49,,senior2014improving,yes,utterance,no,
Total,Finetune,Finetune,,,,no,Hybrid,Hybrid,,FF,DNN,,5000000,CE,CE,no,enrol,420,600,ChildIt+APASCI,dev,ChildIt+APASCIdev,13.98,11.68,16.45,,serizel2014deep,yes,child,no,
Total,Finetune,Finetune,,,,no,Hybrid,Hybrid,,FF,DNN,,5000000,CE,CE,no,enrol,420,600,ChildIt+APASCI,test,ChildIt+APASCItest,15.56,12.43,20.12,,serizel2014deep,yes,child,no,
Total,Finetune,Finetune,,,,no,E2E,E2E-RNN-T,,RNN,LSTM,,5000000,CE,CE,no,enrol,90,600,Google-ALS,test,Google-ALStest,35.6,18.9,46.9,,sim2019investigation,yes,medical,no,
Total,Activations,DiffPooling,Lp,,,no,Hybrid,Hybrid,,FF,DNN,,2000,CE,CE,yes,2pass,10,10,SWBD,eval2000,SWBDeval2000,21.3,20.1,5.63,,swietojanski2016differentiable,yes,speaker,no,
Total,Activations,DiffPooling,Lp,,,no,Hybrid,Hybrid,,FF,DNN,,2000,CE,CE,yes,2pass,10,10,TED,tst2013,TEDtst2013,21.6,18.4,14.81,,swietojanski2016differentiable,yes,speaker,no,
Total,Activations,DiffPooling,Lp,fMLLR,,no,Hybrid,Hybrid,,FF,DNN,,3600,CE,CE,yes,2pass,10,10,SWBD,eval2000,SWBDeval2000,21.3,19.0,10.8,5.63,swietojanski2016differentiable,yes,speaker,no,
Total,Activations,DiffPooling,Lp,fMLLR,,no,Hybrid,Hybrid,,FF,DNN,,3600,CE,CE,yes,2pass,10,10,TED,tst2013,TEDtst2013,21.6,18.0,16.67,14.81,swietojanski2016differentiable,yes,speaker,no,
Total,Activations,DiffPooling,Lp,,,no,Hybrid,Hybrid,,FF,DNN,,2000,CE,CE,yes,2pass,10,10,AMI-IHM,eval,AMI-IHMeval,27.6,25.8,6.52,,swietojanski2016differentiable,yes,speaker,no,
Total,Activations,DiffPooling,Lp,,,no,Hybrid,Hybrid,,FF,DNN,,2000,CE,CE,yes,2pass,10,10,AMI-IHM,dev,AMI-IHMdev,25.4,24.7,2.76,,swietojanski2016differentiable,yes,speaker,no,
Total,Linear Transform,fMLLR,Lp,,,no,Hybrid,Hybrid,,FF,DNN,,1600,CE,MLE,yes,2pass,10,10,SWBD,eval2000,SWBDeval2000,21.3,19.5,8.45,,swietojanski2016differentiable,yes,speaker,no,
Total,Linear Transform,fMLLR,Lp,,,no,Hybrid,Hybrid,,FF,DNN,,1600,CE,MLE,yes,2pass,10,10,TED,tst2013,TEDtst2013,21.6,20.3,6.02,,swietojanski2016differentiable,yes,speaker,no,
Total,Activations,LHUC,,fMLLR,,yes,Hybrid,Hybrid,,FF,DNN,,13888,CE,CE,yes,2pass,10,10,SWBD,eval2000,SWBDeval2000,21.7,19.9,8.29,4.61,swietojanski2016learning,yes,speaker,no,
Total,Activations,LHUC,,,,no,Hybrid,Hybrid,,FF,CNN,,12288,CE,CE,yes,2pass,10,10,AMI-SDM,eval,AMI-SDMeval,54.4,53.1,2.39,,swietojanski2016learning,yes,speaker,no,
Total,Activations,LHUC,,,,no,Hybrid,Hybrid,,FF,CNN,,12288,CE,CE,yes,2pass,10,10,AMI-IHM,dev,AMI-IHMdev,25.2,24.3,3.57,,swietojanski2016learning,yes,speaker,no,
Total,Activations,LHUC,,,,no,Hybrid,Hybrid,,FF,CNN,,12288,CE,CE,yes,enrol,10,10,AMI-IHM,dev,AMI-IHMdev,25.2,24.3,3.57,,swietojanski2016learning,yes,speaker,no,
Total,Activations,LHUC,,,,no,Hybrid,Hybrid,,FF,DNN,,12288,CE,CE,yes,2pass,10,10,SWBD,eval2000,SWBDeval2000,21.7,20.7,4.61,,swietojanski2016learning,yes,speaker,no,
Total,Activations,LHUC,,,,no,Hybrid,Hybrid,,FF,CNN,,12288,CE,CE,yes,enrol,10,10,AMI-IHM,eval,AMI-IHMeval,27.1,25.4,6.27,,swietojanski2016learning,yes,speaker,no,
Total,Activations,LHUC,,,,yes,Hybrid,Hybrid,,FF,DNN,,12288,CE,CE,yes,2pass,10,10,SWBD,eval2000,SWBDeval2000,21.7,20.3,6.45,,swietojanski2016learning,yes,speaker,no,
Total,Activations,LHUC,,,,no,Hybrid,Hybrid,,FF,CNN,,12288,CE,CE,yes,2pass,10,10,AMI-IHM,eval,AMI-IHMeval,27.1,25.3,6.64,,swietojanski2016learning,yes,speaker,no,
Total,Activations,LHUC,,,,yes,Hybrid,Hybrid,,FF,CNN,,12288,CE,CE,yes,2pass,10,10,AMI-IHM,eval,AMI-IHMeval,27.1,24.8,8.49,,swietojanski2016learning,yes,speaker,no,
Total,Activations,LHUC,,,,no,Hybrid,Hybrid,,FF,DNN,,12288,Seq,CE,yes,2pass,10,10,TED,tst2013,TEDtst2013,20.2,18.0,10.89,,swietojanski2016learning,yes,speaker,yes,
Total,Activations,LHUC,,fMLLR,,no,Hybrid,Hybrid,,FF,DNN,,13888,CE,CE,yes,2pass,10,10,TED,tst2013,TEDtst2013,22.1,18.4,16.74,13.57,swietojanski2016learning,yes,speaker,yes,
Total,Activations,LHUC,,,,no,Hybrid,Hybrid,,FF,DNN,,12288,CE,CE,yes,2pass,10,10,TED,tst2013,TEDtst2013,22.1,19.1,13.57,,swietojanski2016learning,yes,speaker,yes,
Total,Activations,LHUC,,fMLLR,,no,Hybrid,Hybrid,,FF,DNN,,13888,Seq,CE,yes,2pass,10,10,TED+AMI,tst2013,TED+AMItst2013,15.4,13.3,13.64,,swietojanski2016learning,yes,speaker,yes,
Total,Activations,LHUC,,fMLLR,,yes,Hybrid,Hybrid,,FF,DNN,,13888,CE,CE,yes,2pass,10,10,TED,tst2013,TEDtst2013,22.1,17.6,20.36,18.1,swietojanski2016learning,yes,speaker,yes,
Total,Activations,fMLLR,,,,yes,Hybrid,Hybrid,,FF,DNN,,12288,Seq,MLE,yes,2pass,10,10,TED,tst2013,TEDtst2013,20.2,18.9,6.44,,swietojanski2016learning,yes,speaker,yes,
Total,Activations,LHUC,,fMLLR,,yes,Hybrid,Hybrid,,FF,DNN,,13888,Seq,CE,yes,2pass,10,10,TED,tst2013,TEDtst2013,20.2,15.8,21.78,10.89,swietojanski2016learning,yes,speaker,yes,
Total,Activations,LHUC,,,,no,Hybrid,Hybrid,,FF,CNN,,12288,CE,CE,yes,2pass,10,10,Aurora4,eval,Aurora4eval,11.6,9.5,18.1,,swietojanski2016learning,yes,speaker,no,
Total,Activations,LHUC,,,,yes,Hybrid,Hybrid,,FF,DNN,,12288,CE,CE,yes,2pass,10,10,TED,tst2013,TEDtst2013,22.0,18.0,18.18,,swietojanski2016learning,yes,speaker,yes,
Total,Linear Transform,fMLLR,,,,yes,Hybrid,Hybrid,,FF,DNN,,1600,CE,MLE,yes,2pass,10,10,TED,tst2013,TEDtst2013,22.1,20.8,5.88,,swietojanski2016learning,yes,speaker,yes,
Total,Linear Transform,fMLLR,,,,yes,Hybrid,Hybrid,,FF,DNN,,1600,CE,MLE,yes,2pass,10,10,SWBD,eval2000,SWBDeval2000,21.7,20.2,6.91,,swietojanski2016learning,yes,speaker,no,
Total,GMMEmb,ivectors,,,,yes,Hybrid,Hybrid,,FF,DNN,,100,CE,-,yes,online,10,10,AMI-IHM,eval,AMI-IHMeval,34.9,34.4,1.43,,tan2016speaker,yes,speaker,no,
Total,GMMEmb,ivectors,,,,yes,Hybrid,Hybrid,,RNN,LSTM,,100,CE,-,yes,online,10,10,AMI-IHM,eval,AMI-IHMeval,32.4,31.1,4.01,,tan2016speaker,yes,speaker,no,
Total,GMMEmb,ivectors,,,,yes,Hybrid,Hybrid,,RNN,LSTM,,100,CE,-,yes,online,10,10,AMI-IHM,eval,AMI-IHMeval,26.0,24.3,6.54,,tan2016speaker,yes,speaker,no,
Total,NNEmb,BSV,,,,yes,Hybrid,Hybrid,,FF,DNN,,100,CE,CE,yes,online,10,10,AMI-IHM,eval,AMI-IHMeval,34.9,34.6,0.86,,tan2016speaker,yes,speaker,no,
Total,NNEmb,BSV,,,,yes,Hybrid,Hybrid,,RNN,LSTM,,100,CE,CE,yes,online,10,10,AMI-IHM,eval,AMI-IHMeval,32.4,31.9,1.54,,tan2016speaker,yes,speaker,no,
Total,NNEmb,BSV,MT,,,yes,Hybrid,Hybrid,,FF,DNN,,100,CE,MTL,yes,online,10,10,AMI-IHM,eval,AMI-IHMeval,34.9,34.3,1.72,,tan2016speaker,yes,speaker,no,
Total,NNEmb,BSV,MT,,,yes,Hybrid,Hybrid,,RNN,LSTM,,100,CE,MTL,yes,online,10,10,AMI-IHM,eval,AMI-IHMeval,32.4,31.7,2.16,,tan2016speaker,yes,speaker,no,
Total,NNEmb,BSV,MT,,,yes,Hybrid,Hybrid,,RNN,LSTM,,100,CE,MTL,yes,online,10,10,AMI-IHM,eval,AMI-IHMeval,26.0,25.0,3.85,,tan2016speaker,yes,speaker,no,
Total,NNEmb,BSV,MT,ivectors,,yes,Hybrid,Hybrid,,RNN,LSTM,,100,CE,MTL,yes,online,10,10,AMI-IHM,eval,AMI-IHMeval,32.4,30.9,4.63,2.16,tan2016speaker,yes,speaker,no,
Total,GMMEmb,GMMD,fMLLR,,,yes,Hybrid,Hybrid,,FF,DNN,,1700,CE,MLE,yes,2pass,10,10,WSJ,si_et_20,WSJsi_et_20,9.28,7.6,18.1,,tomashenko2015gmm,yes,speaker,no,
Total,GMMEmb,GMMD,MAP,,,yes,Hybrid,Hybrid,,FF,DNN,,1700,CE,MAP,yes,2pass,10,10,WSJ,si_et_20,WSJsi_et_20,9.28,7.85,15.41,,tomashenko2015gmm,yes,speaker,no,
Total,GMMEmb,GMMD,MAP+fMLLR,,,yes,Hybrid,Hybrid,,FF,DNN,,3300,CE,MLE,yes,2pass,10,10,WSJ,si_et_20,WSJsi_et_20,9.28,7.83,15.63,,tomashenko2015gmm,yes,speaker,no,
Total,Linear Transform,fMLLR,,,,yes,Hybrid,Hybrid,,FF,DNN,,1600,CE,MLE,yes,2pass,10,10,WSJ,si_et_20,WSJsi_et_20,9.55,8.03,15.92,,tomashenko2015gmm,yes,speaker,no,
Total,Finetune,Finetune,,,,no,E2E,E2E-AED,,RNN,LSTM,,5000000,Seq,KL,no,enrol,120,600,Nuance-Dictation,test,Nuance-Dictationtest,10.4,8.9,14.3,,weninger2019listen,yes,speaker,no,
Total,Finetune,Finetune,,,,no,Hybrid,Hybrid,,FF,DNN,,5000000,Seq,KL,no,enrol,1200,6000,Nuance-Dictation,test,Nuance-Dictationtest,9.9,8.0,18.8,,weninger2019listen,yes,speaker,no,
Total,Finetune,Finetune,,,,no,E2E,E2E-AED,,RNN,LSTM,,5000000,Seq,Seq-KL,no,enrol,120,600,Nuance-Dictation,test,Nuance-Dictationtest,10.4,8.1,22.1,,weninger2019listen,yes,speaker,no,
Total,Finetune,Finetune,AM+LM,,,no,Hybrid,Hybrid,,FF,DNN,,5000000,Seq,KL,no,enrol,1200,6000,Nuance-Dictation,test,Nuance-Dictationtest,9.9,7.2,27.5,,weninger2019listen,yes,speaker,no,
Total,Finetune,Finetune,,,,no,E2E,E2E-AED,,RNN,LSTM,,5000000,Seq,Seq-KL,no,enrol,1200,6000,Nuance-Dictation,test,Nuance-Dictationtest,10.4,7.3,29.5,,weninger2019listen,yes,speaker,no,
Total,Finetune,Finetune,meta,,,no,E2E,E2E-AED,,FF,Transformer,,5000000,Seq,Meta,no,enrol,15,30,Librispeech,Mozilla Common Voice,LibrispeechMozilla Common Voice,32.6,31.8,2.45,,winata2020learning,yes,accent,no,
Total,Finetune,Finetune,meta,,,no,E2E,E2E-AED,,FF,Transformer,,5000000,Seq,Meta,no,enrol,75,600,Librispeech,Mozilla Common Voice,LibrispeechMozilla Common Voice,32.6,31.1,4.6,,winata2020learning,yes,accent,no,
Total,Finetune,Finetune,meta,,,no,E2E,E2E-AED,,FF,Transformer,,5000000,Seq,Meta,no,enrol,302,600,Librispeech,Mozilla Common Voice,LibrispeechMozilla Common Voice,32.6,29.8,8.59,,winata2020learning,yes,accent,no,
Total,Finetune,Finetune,meta,,,no,E2E,E2E-AED,,FF,Transformer,,5000000,Seq,Meta,no,enrol,4,10,Librispeech,Mozilla Common Voice,LibrispeechMozilla Common Voice,36.1,36.1,0.0,,winata2020learning,yes,accent,no,
Total,Finetune,Finetune,meta,,,no,E2E,E2E-AED,,FF,Transformer,,5000000,Seq,Meta,no,enrol,18,30,Librispeech,Mozilla Common Voice,LibrispeechMozilla Common Voice,36.1,32.4,10.25,,winata2020learning,yes,accent,no,
Total,Finetune,Finetune,meta,,,no,E2E,E2E-AED,,FF,Transformer,,5000000,Seq,Meta,no,enrol,72,600,Librispeech,Mozilla Common Voice,LibrispeechMozilla Common Voice,36.1,32.2,10.8,,winata2020learning,yes,accent,no,
Total,Finetune,Finetune,meta,,,no,E2E,E2E-AED,,FF,Transformer,,5000000,Seq,Meta,no,enrol,57,60,Librispeech,Mozilla Common Voice,LibrispeechMozilla Common Voice,54.5,48.7,10.64,,winata2020learning,yes,accent,no,
Total,Finetune,Finetune,meta,,,no,E2E,E2E-AED,,FF,Transformer,,5000000,Seq,Meta,no,enrol,286,600,Librispeech,Mozilla Common Voice,LibrispeechMozilla Common Voice,54.5,46.2,15.23,,winata2020learning,yes,accent,no,
Total,Finetune,Finetune,meta,,,no,E2E,E2E-AED,,FF,Transformer,,5000000,Seq,Meta,no,enrol,1145,6000,Librispeech,Mozilla Common Voice,LibrispeechMozilla Common Voice,54.5,43.5,20.18,,winata2020learning,yes,accent,no,
Total,Finetune,Finetune,meta,,,no,E2E,E2E-AED,,FF,Transformer,,5000000,Seq,Meta,no,enrol,5,10,Librispeech,Mozilla Common Voice,LibrispeechMozilla Common Voice,43.7,43.0,1.6,,winata2020learning,yes,accent,no,
Total,Finetune,Finetune,meta,,,no,E2E,E2E-AED,,FF,Transformer,,5000000,Seq,Meta,no,enrol,25,30,Librispeech,Mozilla Common Voice,LibrispeechMozilla Common Voice,43.7,40.8,6.64,,winata2020learning,yes,accent,no,
Total,Finetune,Finetune,meta,,,no,E2E,E2E-AED,,FF,Transformer,,5000000,Seq,Meta,no,enrol,100,600,Librispeech,Mozilla Common Voice,LibrispeechMozilla Common Voice,43.7,40.1,8.24,,winata2020learning,yes,accent,no,
Total,Finetune,Finetune,meta,,,no,E2E,E2E-AED,,FF,Transformer,,5000000,Seq,Meta,no,enrol,3,10,Librispeech,Mozilla Common Voice,LibrispeechMozilla Common Voice,49.5,48.4,2.22,,winata2020learning,yes,accent,no,
Total,Finetune,Finetune,meta,,,no,E2E,E2E-AED,,FF,Transformer,,5000000,Seq,Meta,no,enrol,15,30,Librispeech,Mozilla Common Voice,LibrispeechMozilla Common Voice,49.5,46.6,5.86,,winata2020learning,yes,accent,no,
Total,Finetune,Finetune,meta,,,no,E2E,E2E-AED,,FF,Transformer,,5000000,Seq,Meta,no,enrol,60,60,Librispeech,Mozilla Common Voice,LibrispeechMozilla Common Voice,49.5,46.2,6.67,,winata2020learning,yes,accent,no,
Total,Linear Transform,fMLLR,,,,yes,Hybrid,Hybrid,,FF,DNN,,1600,Seq,MLE,yes,2pass,5,10,MGB-200,dev,MGB-200dev,29.5,29.1,1.36,,woodland2015cambridge,yes,speaker,no,
Total,Linear Transform,fMLLR,,pRelu,,yes,Hybrid,Hybrid,,FF,DNN,,11600,Seq,CE,yes,2pass,5,10,MGB-700,dev,MGB-700dev,25.9,24.8,4.25,,woodland2015cambridge,yes,speaker,no,
Total,Activations,LHUC,,,,no,Hybrid,Hybrid,,FF,DNN,,12288,CE,CE,yes,2pass,10,10,SWBD,eval2000-SWBD,SWBDeval2000-SWBD,15.3,14.6,4.58,,xie2019,yes,speaker,yes,
Total,Activations,LHUC,,,,no,Hybrid,Hybrid,,FF,DNN,,12288,CE,CE,yes,2pass,10,10,SWBD,eval2000-CALLHOME,SWBDeval2000-CALLHOME,27.6,25.8,6.52,,xie2019,yes,speaker,yes,
Total,Activations,LHUC,,,,yes,Hybrid,Hybrid,,FF,DNN,,12288,CE,CE,yes,2pass,10,10,SWBD,eval2000-SWBD,SWBDeval2000-SWBD,15.3,13.2,13.73,,xie2019,yes,speaker,yes,
Total,Activations,LHUC,,,,yes,Hybrid,Hybrid,,FF,DNN,,12288,CE,CE,yes,2pass,10,10,SWBD,eval2000-CALLHOME,SWBDeval2000-CALLHOME,27.6,23.5,14.86,,xie2019,yes,speaker,yes,
Total,GMMEmb,ivectors,,,,yes,Hybrid,Hybrid,,FF,TDNN,,100,Seq,-,yes,online,10,10,SWBD,eval2000-CALLHOME,SWBDeval2000-CALLHOME,20.6,19.4,5.83,,xie2019,yes,speaker,yes,
Total,GMMEmb,ivectors,,,,yes,Hybrid,Hybrid,,FF,TDNN,,100,Seq,-,yes,online,10,10,SWBD,eval2000-CALLHOME,SWBDeval2000-CALLHOME,20.6,19.4,5.83,,xie2019,yes,speaker,yes,
Total,GMMEmb,ivectors,,,,yes,Hybrid,Hybrid,,FF,TDNN,,100,Seq,-,yes,online,10,10,SWBD,eval2000-SWBD,SWBDeval2000-SWBD,10.1,9.2,8.91,,xie2019,yes,speaker,yes,
Total,GMMEmb,ivectors,,,,yes,Hybrid,Hybrid,,FF,TDNN,,100,Seq,-,yes,online,10,10,SWBD,eval2000-SWBD,SWBDeval2000-SWBD,10.1,9.2,8.91,,xie2019,yes,speaker,yes,
Total,NNEmb,f-LHUC,aux,,,no,Hybrid,Hybrid,,FF,DNN,,1000,CE,CE,yes,online,10,10,SWBD,eval2000-CALLHOME,SWBDeval2000-CALLHOME,27.6,26.8,2.9,,xie2019,yes,speaker,yes,
Total,NNEmb,f-LHUC,aux,,,yes,Hybrid,Hybrid,,FF,DNN,,1000,CE,CE,yes,online,10,10,SWBD,eval2000-CALLHOME,SWBDeval2000-CALLHOME,27.6,26.8,2.9,,xie2019,yes,speaker,yes,
Total,NNEmb,f-LHUC,scale,,,no,Hybrid,Hybrid,,FF,DNN,,1000,CE,CE,yes,online,10,10,SWBD,eval2000-CALLHOME,SWBDeval2000-CALLHOME,27.6,26.6,3.62,,xie2019,yes,speaker,yes,
Total,NNEmb,f-LHUC,scale,,,yes,Hybrid,Hybrid,,FF,DNN,,1000,CE,CE,yes,online,10,10,SWBD,eval2000-CALLHOME,SWBDeval2000-CALLHOME,27.6,26.4,4.35,,xie2019,yes,speaker,yes,
Total,NNEmb,f-LHUC,aux,,,yes,Hybrid,Hybrid,,FF,TDNN,,1000,Seq,CE,yes,online,10,10,SWBD,eval2000-CALLHOME,SWBDeval2000-CALLHOME,20.6,19.7,4.37,,xie2019,yes,speaker,yes,
Total,NNEmb,f-LHUC,scale,,,no,Hybrid,Hybrid,,FF,DNN,,1000,CE,CE,yes,online,10,10,SWBD,eval2000-SWBD,SWBDeval2000-SWBD,15.3,14.5,5.23,,xie2019,yes,speaker,yes,
Total,NNEmb,f-LHUC,aux,ivectors,,yes,Hybrid,Hybrid,,FF,TDNN,,1000,Seq,CE,yes,online,10,10,SWBD,eval2000-CALLHOME,SWBDeval2000-CALLHOME,19.7,19.5,1.02,4.37,xie2019,yes,speaker,yes,
Total,NNEmb,f-LHUC,aux,,,no,Hybrid,Hybrid,,FF,DNN,,1000,CE,CE,yes,online,10,10,SWBD,eval2000-SWBD,SWBDeval2000-SWBD,15.3,14.4,5.88,,xie2019,yes,speaker,yes,
Total,NNEmb,f-LHUC,scale,,,yes,Hybrid,Hybrid,,FF,TDNN,,1000,Seq,CE,yes,online,10,10,SWBD,eval2000-SWBD,SWBDeval2000-SWBD,10.1,9.4,6.93,,xie2019,yes,speaker,yes,
Total,NNEmb,f-LHUC,scale,,,yes,Hybrid,Hybrid,,FF,TDNN,,1000,Seq,CE,yes,online,10,10,SWBD,eval2000-CALLHOME,SWBDeval2000-CALLHOME,20.6,19.1,7.28,,xie2019,yes,speaker,yes,
Total,NNEmb,f-LHUC,aux,,,yes,Hybrid,Hybrid,,FF,DNN,,1000,CE,CE,yes,online,10,10,SWBD,eval2000-SWBD,SWBDeval2000-SWBD,15.3,14.1,7.84,,xie2019,yes,speaker,yes,
Total,NNEmb,f-LHUC,scale,,,yes,Hybrid,Hybrid,,FF,DNN,,1000,CE,CE,yes,online,10,10,SWBD,eval2000-SWBD,SWBDeval2000-SWBD,15.3,14.0,8.5,,xie2019,yes,speaker,yes,
Total,NNEmb,f-LHUC,scale,LHUC,,no,Hybrid,Hybrid,,FF,DNN,,1000,CE,CE,yes,online,10,10,SWBD,eval2000-SWBD,SWBDeval2000-SWBD,15.3,14.0,8.5,5.23,xie2019,yes,speaker,yes,
Total,NNEmb,f-LHUC,scale,ivectors,,yes,Hybrid,Hybrid,,FF,TDNN,,1000,Seq,CE,yes,online,10,10,SWBD,eval2000-CALLHOME,SWBDeval2000-CALLHOME,19.1,18.8,1.57,7.28,xie2019,yes,speaker,yes,
Total,NNEmb,f-LHUC,aux,,,yes,Hybrid,Hybrid,,FF,TDNN,,1000,Seq,CE,yes,online,10,10,SWBD,eval2000-SWBD,SWBDeval2000-SWBD,10.1,9.2,8.91,,xie2019,yes,speaker,yes,
Total,NNEmb,f-LHUC,scale,LHUC,,no,Hybrid,Hybrid,,FF,DNN,,1000,CE,CE,yes,online,10,10,SWBD,eval2000-CALLHOME,SWBDeval2000-CALLHOME,27.6,25.1,9.06,3.62,xie2019,yes,speaker,yes,
Total,NNEmb,f-LHUC,scale,ivectors,,yes,Hybrid,Hybrid,,FF,TDNN,,1000,Seq,CE,yes,online,10,10,SWBD,eval2000-SWBD,SWBDeval2000-SWBD,10.1,9.1,9.9,6.93,xie2019,yes,speaker,yes,
Total,NNEmb,f-LHUC,aux,ivectors,,yes,Hybrid,Hybrid,,FF,TDNN,,1000,Seq,CE,yes,online,10,10,SWBD,eval2000-SWBD,SWBDeval2000-SWBD,10.1,8.9,11.88,8.91,xie2019,yes,speaker,yes,
Total,NNEmb,f-LHUC,scale,LHUC,,yes,Hybrid,Hybrid,,FF,DNN,,1000,CE,CE,yes,online,10,10,SWBD,eval2000-SWBD,SWBDeval2000-SWBD,15.3,12.9,15.69,8.5,xie2019,yes,speaker,yes,
Total,NNEmb,f-LHUC,scale,LHUC,,yes,Hybrid,Hybrid,,FF,DNN,,1000,CE,CE,yes,online,10,10,SWBD,eval2000-CALLHOME,SWBDeval2000-CALLHOME,27.6,23.0,16.67,4.35,xie2019,yes,speaker,yes,
Total,GMMEmb,ivectors,,FOL,,yes,E2E,E2E-CTC,,RNN,BLSTM,,1000100,CE,CE,no,enrol,1500,6000,RASC863+CASIA,GZ,RASC863+CASIAGZ,14.0,12.9,7.94,,yi2016improving,yes,accent,no,tmp
Total,GMMEmb,ivectors,,FOL,,yes,E2E,E2E-CTC,,RNN,BLSTM,,1000100,CE,CE,no,enrol,4020,6000,RASC863+CASIA,CQ,RASC863+CASIACQ,12.8,11.6,9.0,,yi2016improving,yes,accent,no,tmp
Total,GMMEmb,ivectors,,FOL,,yes,E2E,E2E-CTC,,RNN,BLSTM,,1000100,CE,CE,no,enrol,3780,6000,RASC863+CASIA,SH,RASC863+CASIASH,14.1,12.7,9.46,,yi2016improving,yes,accent,no,tmp
Total,GMMEmb,ivectors,,FOL,,yes,E2E,E2E-CTC,,RNN,BLSTM,,1000100,CE,CE,no,enrol,3060,6000,RASC863+CASIA,BJ,RASC863+CASIABJ,12.3,11.2,9.57,,yi2016improving,yes,accent,no,tmp
Total,GMMEmb,ivectors,,FOL,,yes,E2E,E2E-CTC,,RNN,BLSTM,,1000100,CE,CE,no,enrol,1500,6000,RASC863+CASIA,XM,RASC863+CASIAXM,13.7,12.0,12.48,,yi2016improving,yes,accent,no,tmp
Total,NNTransformEmb,RNNEmb,ivectors,FOL,,yes,E2E,E2E-CTC,,RNN,BLSTM,,1000100,CE,CE,no,enrol,1500,6000,RASC863+CASIA,GZ,RASC863+CASIAGZ,14.0,12.2,12.88,,yi2016improving,yes,accent,no,tmp
Total,NNTransformEmb,RNNEmb,ivectors,FOL,,yes,E2E,E2E-CTC,,RNN,BLSTM,,1000100,CE,CE,no,enrol,3780,6000,RASC863+CASIA,SH,RASC863+CASIASH,14.1,12.2,13.3,,yi2016improving,yes,accent,no,tmp
Total,NNTransformEmb,RNNEmb,ivectors,FOL,,yes,E2E,E2E-CTC,,RNN,BLSTM,,1000100,CE,CE,no,enrol,4020,6000,RASC863+CASIA,CQ,RASC863+CASIACQ,12.8,11.0,14.32,,yi2016improving,yes,accent,no,tmp
Total,NNTransformEmb,RNNEmb,ivectors,FOL,,yes,E2E,E2E-CTC,,RNN,BLSTM,,1000100,CE,CE,no,enrol,3060,6000,RASC863+CASIA,BJ,RASC863+CASIABJ,12.3,10.4,15.49,,yi2016improving,yes,accent,no,tmp
Total,NNTransformEmb,RNNEmb,ivectors,FOL,,yes,E2E,E2E-CTC,,RNN,BLSTM,,1000100,CE,CE,no,enrol,3360,6000,RASC863+CASIA,XM,RASC863+CASIAXM,13.7,11.3,17.74,,yi2016improving,yes,accent,no,tmp
Total,GMMEmb,ivectors,,FOL,,yes,E2E,E2E-CTC,,RNN,BLSTM,,1000100,CE,CE,no,enrol,3360,6000,RASC863+CASIA,BJ,RASC863+CASIABJ,12.3,10.7,13.01,,yi2016improving,yes,accent,no,
Total,NNTransformEmb,RNNEmb,ivectors,FOL,,yes,E2E,E2E-CTC,,RNN,BLSTM,,1000100,CE,CE,no,enrol,3360,6000,RASC863+CASIA,BJ,RASC863+CASIABJ,12.3,10.2,17.07,,yi2016improving,yes,accent,no,
Total,GMMEmb,ivectors,,FOL,,yes,E2E,E2E-CTC,,RNN,BLSTM,,1000100,CE,CE,no,enrol,4020,6000,RASC863+CASIA,CQ,RASC863+CASIACQ,12.8,11.3,11.72,,yi2016improving,yes,accent,no,
Total,NNTransformEmb,RNNEmb,ivectors,FOL,,yes,E2E,E2E-CTC,,RNN,BLSTM,,1000100,CE,CE,no,enrol,4020,6000,RASC863+CASIA,CQ,RASC863+CASIACQ,12.8,10.8,15.63,,yi2016improving,yes,accent,no,
Total,GMMEmb,ivectors,,FOL,,yes,E2E,E2E-CTC,,RNN,BLSTM,,1000100,CE,CE,no,enrol,1500,6000,RASC863+CASIA,GZ,RASC863+CASIAGZ,14.0,12.6,10.0,,yi2016improving,yes,accent,no,
Total,NNTransformEmb,RNNEmb,ivectors,FOL,,yes,E2E,E2E-CTC,,RNN,BLSTM,,1000100,CE,CE,no,enrol,1500,6000,RASC863+CASIA,GZ,RASC863+CASIAGZ,14.0,12.1,13.57,,yi2016improving,yes,accent,no,
Total,GMMEmb,ivectors,,FOL,,yes,E2E,E2E-CTC,,RNN,BLSTM,,1000100,CE,CE,no,enrol,3060,6000,RASC863+CASIA,BJ,RASC863+CASIABJ,12.3,10.7,13.01,,yi2016improving,yes,accent,no,
Total,NNTransformEmb,RNNEmb,ivectors,FOL,,yes,E2E,E2E-CTC,,RNN,BLSTM,,1000100,CE,CE,no,enrol,3060,6000,RASC863+CASIA,BJ,RASC863+CASIABJ,12.3,10.2,17.07,,yi2016improving,yes,accent,no,
Total,GMMEmb,ivectors,,FOL,,yes,E2E,E2E-CTC,,RNN,BLSTM,,1000100,CE,CE,no,enrol,3780,6000,RASC863+CASIA,SH,RASC863+CASIASH,14.1,12.3,12.77,,yi2016improving,yes,accent,no,
Total,NNTransformEmb,RNNEmb,ivectors,FOL,,yes,E2E,E2E-CTC,,RNN,BLSTM,,1000100,CE,CE,no,enrol,3780,6000,RASC863+CASIA,SH,RASC863+CASIASH,14.1,11.9,15.6,,yi2016improving,yes,accent,no,
Total,Activations,pActivation,pRelu,,,yes,Hybrid,Hybrid,,FF,DNN,,10000,CE,CE,yes,2pass,5,10,MGB-200,dev.sub,MGB-200dev.sub,28.6,27.4,4.2,,zhang2016dnn,yes,speaker,no,
Total,Activations,pActivation,pSigmoid,,,yes,Hybrid,Hybrid,,FF,DNN,,10000,CE,CE,yes,2pass,5,10,MGB-200,dev.sub,MGB-200dev.sub,28.9,28.1,2.77,,zhang2016dnn,yes,speaker,no,
Total,Activations,pActivation,pRelu,fMLLR,,yes,Hybrid,Hybrid,,FF,DNN,,11600,CE,CE,yes,2pass,5,10,MGB-200,dev.sub,MGB-200dev.sub,28.6,26.8,6.29,2.8,zhang2016dnn,yes,speaker,no,
Total,Activations,pActivation,pSigmoid,fMLLR,,yes,Hybrid,Hybrid,,FF,DNN,,11600,CE,CE,yes,2pass,5,10,MGB-200,dev.sub,MGB-200dev.sub,28.9,27.9,3.46,2.42,zhang2016dnn,yes,speaker,no,
Total,Linear Transform,fMLLR,pSigmoid,,,yes,Hybrid,Hybrid,,FF,DNN,,1600,CE,CE,yes,2pass,5,10,MGB-200,dev.sub,MGB-200dev.sub,28.9,28.2,2.42,,zhang2016dnn,yes,speaker,no,
Total,Linear Transform,fMLLR,pRelu,,,yes,Hybrid,Hybrid,,FF,DNN,,1600,CE,CE,yes,2pass,5,10,MGB-200,dev.sub,MGB-200dev.sub,28.6,27.8,2.8,,zhang2016dnn,yes,speaker,no,
Total,Finetune,Finetune,,,,no,Hybrid,Hybrid,,RNN,BLSTM,,5000000,CE,CE,no,enrol,120,600,RASC863+CASIA,test,RASC863+CASIAtest,28.9,27.5,4.84,,zhu2019multi,yes,accent,no,
Total,Finetune,FOL,top-layer,,,no,Hybrid,Hybrid,,RNN,BLSTM,,1000000,CE,CE,no,enrol,120,600,RASC863+CASIA,test,RASC863+CASIAtest,28.9,26.4,8.65,,zhu2019multi,yes,accent,no,
Total,Finetune,Finetune,MT,,,no,Hybrid,Hybrid,,RNN,BLSTM,,5000000,CE,CE,no,enrol,120,600,RASC863+CASIA,test,RASC863+CASIAtest,28.9,27.3,5.54,,zhu2019multi,yes,accent,no,
Total,Finetune,Finetune,,,,no,Hybrid,Hybrid,,RNN,BLSTM,,5000000,CE,CE,no,enrol,120,600,RASC863+CASIA,test,RASC863+CASIAtest,9.8,9.9,-1.02,,zhu2019multi,yes,accent,no,
Total,Finetune,FOL,top-layer,,,no,Hybrid,Hybrid,,RNN,BLSTM,,1000000,CE,CE,no,enrol,120,600,RASC863+CASIA,test,RASC863+CASIAtest,9.8,8.8,10.2,,zhu2019multi,yes,accent,no,
Total,Finetune,Finetune,MT,,,no,Hybrid,Hybrid,,RNN,BLSTM,,5000000,CE,CE,no,enrol,120,600,RASC863+CASIA,test,RASC863+CASIAtest,9.8,9.7,1.02,,zhu2019multi,yes,accent,no,
Total,Finetune,Finetune,,,,no,Hybrid,Hybrid,,RNN,BLSTM,,5000000,CE,CE,no,enrol,120,600,RASC863+CASIA,test,RASC863+CASIAtest,30.9,29.4,4.85,,zhu2019multi,yes,accent,no,
Total,Finetune,FOL,top-layer,,,no,Hybrid,Hybrid,,RNN,BLSTM,,1000000,CE,CE,no,enrol,120,600,RASC863+CASIA,test,RASC863+CASIAtest,30.9,28.7,7.12,,zhu2019multi,yes,accent,no,
Total,Finetune,Finetune,MT,,,no,Hybrid,Hybrid,,RNN,BLSTM,,5000000,CE,CE,no,enrol,120,600,RASC863+CASIA,test,RASC863+CASIAtest,30.9,28.9,6.47,,zhu2019multi,yes,accent,no,
Total,Finetune,Finetune,,,,no,Hybrid,Hybrid,,RNN,BLSTM,,5000000,CE,CE,no,enrol,120,600,RASC863+CASIA,test,RASC863+CASIAtest,24.3,23.7,2.47,,zhu2019multi,yes,accent,no,
Total,Finetune,FOL,top-layer,,,no,Hybrid,Hybrid,,RNN,BLSTM,,1000000,CE,CE,no,enrol,120,600,RASC863+CASIA,test,RASC863+CASIAtest,24.3,22.5,7.41,,zhu2019multi,yes,accent,no,
Total,Finetune,Finetune,MT,,,no,Hybrid,Hybrid,,RNN,BLSTM,,5000000,CE,CE,no,enrol,120,600,RASC863+CASIA,test,RASC863+CASIAtest,24.3,23.4,3.7,,zhu2019multi,yes,accent,no,
Total,Linear Transform,LIN,,,,no,Hybrid,Hybrid,,RNN,BLSTM,,1000000,CE,CE,no,enrol,120,600,RASC863+CASIA,test,RASC863+CASIAtest,28.9,28.7,0.69,,zhu2019multi,yes,accent,no,
Total,Linear Transform,LHN,,,,no,Hybrid,Hybrid,,RNN,BLSTM,,1000000,CE,CE,no,enrol,120,600,RASC863+CASIA,test,RASC863+CASIAtest,28.9,28.0,3.11,,zhu2019multi,yes,accent,no,
Total,Linear Transform,LON,,,,no,Hybrid,Hybrid,,RNN,BLSTM,,1000000,CE,CE,no,enrol,120,600,RASC863+CASIA,test,RASC863+CASIAtest,28.9,28.1,2.77,,zhu2019multi,yes,accent,no,
Total,Linear Transform,LIN,,,,no,Hybrid,Hybrid,,RNN,BLSTM,,1000000,CE,CE,no,enrol,120,600,RASC863+CASIA,test,RASC863+CASIAtest,9.8,10.2,-4.08,,zhu2019multi,yes,accent,no,
Total,Linear Transform,LHN,,,,no,Hybrid,Hybrid,,RNN,BLSTM,,1000000,CE,CE,no,enrol,120,600,RASC863+CASIA,test,RASC863+CASIAtest,9.8,9.7,1.02,,zhu2019multi,yes,accent,no,
Total,Linear Transform,LON,,,,no,Hybrid,Hybrid,,RNN,BLSTM,,1000000,CE,CE,no,enrol,120,600,RASC863+CASIA,test,RASC863+CASIAtest,9.8,10.2,-4.08,,zhu2019multi,yes,accent,no,
Total,Linear Transform,LIN,,,,no,Hybrid,Hybrid,,RNN,BLSTM,,1000000,CE,CE,no,enrol,120,600,RASC863+CASIA,test,RASC863+CASIAtest,30.9,30.3,1.94,,zhu2019multi,yes,accent,no,
Total,Linear Transform,LHN,,,,no,Hybrid,Hybrid,,RNN,BLSTM,,1000000,CE,CE,no,enrol,120,600,RASC863+CASIA,test,RASC863+CASIAtest,30.9,30.0,2.91,,zhu2019multi,yes,accent,no,
Total,Linear Transform,LON,,,,no,Hybrid,Hybrid,,RNN,BLSTM,,1000000,CE,CE,no,enrol,120,600,RASC863+CASIA,test,RASC863+CASIAtest,30.9,30.1,2.59,,zhu2019multi,yes,accent,no,
Total,Linear Transform,LIN,,,,no,Hybrid,Hybrid,,RNN,BLSTM,,1000000,CE,CE,no,enrol,120,600,RASC863+CASIA,test,RASC863+CASIAtest,24.3,24.2,0.41,,zhu2019multi,yes,accent,no,
Total,Linear Transform,LHN,,,,no,Hybrid,Hybrid,,RNN,BLSTM,,1000000,CE,CE,no,enrol,120,600,RASC863+CASIA,test,RASC863+CASIAtest,24.3,24.0,1.23,,zhu2019multi,yes,accent,no,
Total,Linear Transform,LON,,,,no,Hybrid,Hybrid,,RNN,BLSTM,,1000000,CE,CE,no,enrol,120,600,RASC863+CASIA,test,RASC863+CASIAtest,24.3,24.4,-0.41,,zhu2019multi,yes,accent,no,
Total,Linear Transform,LON,,,,no,Hybrid,Hybrid,,FF,DNN,,1000000,CE,CE,no,enrol,77.16666667,600,KoreanDisarthic,test,KoreanDisarthictest,36.8,15.6,57.61,,kim2017dysarthric,yes,medical,no,
Total,Finetune,Finetune,,,,no,Hybrid,Hybrid,,FF,DNN,,5000000,CE,KL,no,enrol,77.16666667,600,KoreanDisarthic,test,KoreanDisarthictest,28.9,11.7,59.52,,kim2017dysarthric,yes,medical,no,
Total,DataAug,VTLP,,,,no,Hybrid,Hybrid,,FF,DNN,,0,CE,-,yes,,0,0,Bablel-Assamese-LLP,Assamese,Bablel-Assamese-LLPAssamese,66.3,64.7,2.41,,cui2015data,yes,speaker,no,
Total,DataAug,SFM,,,,no,Hybrid,Hybrid,,FF,DNN,,0,CE,-,yes,,0,0,Bablel-Assamese-LLP,Assamese,Bablel-Assamese-LLPAssamese,66.3,64.1,3.32,,cui2015data,yes,speaker,no,
Total,DataAug,VTLP,,,,no,Hybrid,Hybrid,,FF,DNN,,0,CE,-,yes,,0,0,Babel-HaitianCreole-LLP,HaitianCreole,Babel-HaitianCreole-LLPHaitianCreole,62.8,59.6,5.1,,cui2015data,yes,speaker,no,
Total,DataAug,SFM,,,,no,Hybrid,Hybrid,,FF,DNN,,0,CE,-,yes,,0,0,Babel-HaitianCreole-LLP,HaitianCreole,Babel-HaitianCreole-LLPHaitianCreole,62.8,59.1,5.89,,cui2015data,yes,speaker,no,
Total,DataAug,VTLP,,,,no,Hybrid,Hybrid,,FF,CNN,,0,CE,-,yes,,0,0,Bablel-Assamese-LLP,Assamese,Bablel-Assamese-LLPAssamese,67.4,63.7,5.49,,cui2015data,yes,speaker,no,
Total,DataAug,SFM,,,,no,Hybrid,Hybrid,,FF,CNN,,0,CE,-,yes,,0,0,Bablel-Assamese-LLP,Assamese,Bablel-Assamese-LLPAssamese,67.4,64.2,4.75,,cui2015data,yes,speaker,no,
Total,DataAug,VTLP,,,,no,Hybrid,Hybrid,,FF,CNN,,0,CE,-,yes,,0,0,Babel-HaitianCreole-LLP,HaitianCreole,Babel-HaitianCreole-LLPHaitianCreole,61.2,58.4,4.58,,cui2015data,yes,speaker,no,
Total,DataAug,SFM,,,,no,Hybrid,Hybrid,,FF,CNN,,0,CE,-,yes,,0,0,Babel-HaitianCreole-LLP,HaitianCreole,Babel-HaitianCreole-LLPHaitianCreole,61.2,58.7,4.08,,cui2015data,yes,speaker,no,
Total,DataAug,VTLP,,,,no,Hybrid,Hybrid,,FF,DNN,,0,CE,-,yes,,0,0,Bablel-Assamese-FLP,Assamese,Bablel-Assamese-FLPAssamese,52.9,52.5,0.76,,cui2015data,yes,speaker,no,
Total,DataAug,SFM,,,,no,Hybrid,Hybrid,,FF,DNN,,0,CE,-,yes,,0,0,Bablel-Assamese-FLP,Assamese,Bablel-Assamese-FLPAssamese,52.9,52,1.7,,cui2015data,yes,speaker,no,
Total,DataAug,VTLP,,,,no,Hybrid,Hybrid,,FF,DNN,,0,CE,-,yes,,0,0,Babel-HaitianCreole-FLP,HaitianCreole,Babel-HaitianCreole-FLPHaitianCreole,48.7,48,1.44,,cui2015data,yes,speaker,no,
Total,DataAug,SFM,,,,no,Hybrid,Hybrid,,FF,DNN,,0,CE,-,yes,,0,0,Babel-HaitianCreole-FLP,HaitianCreole,Babel-HaitianCreole-FLPHaitianCreole,48.7,47.7,2.05,,cui2015data,yes,speaker,no,
Total,DataAug,TTS,,,,no,Hybrid,Hybrid,,RNN,BLSTM,,,CE,KL,yes,2pass,1,1,MSFT-Cortana,test,MSFT-Cortanatest,14.65,13.82,5.67,,huang2020using,yes,speaker,no,
Total,DataAug,TTS,,,,no,Hybrid,Hybrid,,RNN,BLSTM,,,CE,KL,yes,2pass,10,10,MSFT-Cortana,test,MSFT-Cortanatest,14.65,13.5,7.85,,huang2020using,yes,speaker,no,
Total,DataAug,TTS,,,,no,Hybrid,Hybrid,,RNN,BLSTM,,,CE,KL,no,2pass,1,1,MSFT-Cortana,test,MSFT-Cortanatest,14.65,13.58,7.3,,huang2020using,yes,speaker,no,
Total,DataAug,TTS,,,,no,Hybrid,Hybrid,,RNN,BLSTM,,,CE,KL,no,2pass,10,10,MSFT-Cortana,test,MSFT-Cortanatest,14.65,12.91,11.88,,huang2020using,yes,speaker,no,
,,,,,,,,,,,,,,,,,,,,,,,,,,,,,,,
,,,,,,,,,,,,,,,,,,,,,,,,,,,,,,,
,,,,,,,,,,,,,,,,,,,,,,,,,4.64,,,,,,
,,,,,,,,,,,,,,,,,,,,,,,,,3.29,,,,,,
,,,,,,,,,,,,,,,,,,,,,,,,,3.63,,,,,,
,,,,,,,,,,,,,,,,,,,,,,,,,8.17,,,,,,
